code_9d,code_6d,system,subcode,description,source_file
174-001-110,,174,001,Bus Engine Access Door Components,VMRS_HB_COMPLETE_v20 page 10_pages_1-6.md
174-001-172,,174,001,Mounting Bracket - Drivers Front Accessory,VMRS_HB_COMPLETE_v20 page 10_pages_1-6.md
174-001-111,,174,001,Door Assembly - Bus Engine Access,VMRS_HB_COMPLETE_v20 page 10_pages_1-6.md
174-001-112,,174,001,Seal - Bus Engine Access Door,VMRS_HB_COMPLETE_v20 page 10_pages_1-6.md
174-001-173,,174,001,Grille - Bus Engine Access Door,VMRS_HB_COMPLETE_v20 page 10_pages_1-6.md
174-001-113,,174,001,Hinge - Bus Engine Access Door,VMRS_HB_COMPLETE_v20 page 10_pages_1-6.md
174-001-174,,174,001,Block - Pivot. Bus Engine Access Door,VMRS_HB_COMPLETE_v20 page 10_pages_1-6.md
174-001-114,,174,001,"Hardware, Mounting - Bus Engine Access Door",VMRS_HB_COMPLETE_v20 page 10_pages_1-6.md
174-001-175,,174,001,"Channel - Screw, Bus Door Mounting",VMRS_HB_COMPLETE_v20 page 10_pages_1-6.md
174-001-176,,174,001,Panel - Trim Bus Davenport Support Structure,VMRS_HB_COMPLETE_v20 page 10_pages_1-6.md
174-001-115,,174,001,Latch - Bus Engine Access Door,VMRS_HB_COMPLETE_v20 page 10_pages_1-6.md
174-001-177,,174,001,Reinforcement - Overhead Console Door,VMRS_HB_COMPLETE_v20 page 10_pages_1-6.md
174-001-116,,174,001,Hardware Mounting - Bus Engine Access Door,VMRS_HB_COMPLETE_v20 page 10_pages_1-6.md
174-001-178,,174,001,Plywood - Flooring Body,VMRS_HB_COMPLETE_v20 page 10_pages_1-6.md
174-001-170,,174,001,Support - Wheelwell,VMRS_HB_COMPLETE_v20 page 10_pages_1-6.md
,001-117,001,117,Lock Bus Engine Access Deer,VMRS_HB_COMPLETE_v20 page 10_pages_1-6.md
174-001-179,,174,001,Trim Corner Papel Pear,VMRS_HB_COMPLETE_v20 page 10_pages_1-6.md
174-001-117,,174,001,Lock - Dus Engine Access Door,VMRS_HB_COMPLETE_v20 page 10_pages_1-6.md
174-001-100,,174,001,Trim Dest Interior,VMRS_HB_COMPLETE_v20 page 10_pages_1-6.md
174-001-101,,174,001,Realest Driver Front Assessory Compartment,VMRS_HB_COMPLETE_v20 page 10_pages_1-6.md
174-001-102,,174,001,Diacket - Driver Front Accessory Compartment,VMRS_HB_COMPLETE_v20 page 10_pages_1-6.md
174-001-119,,174,001,"Panel Assembly - Cowl, Bus Body",VMRS_HB_COMPLETE_v20 page 10_pages_1-6.md
174-001-103,,174,001,Calch - Bus Engine Cover,VMRS_HB_COMPLETE_v20 page 10_pages_1-6.md
174-001-120,,174,001,"Reinforcement - Root, Bus Body",VMRS_HB_COMPLETE_v20 page 10_pages_1-6.md
174-001-184,,174,001,"weight - Ballast, Bus Body",VMRS_HB_COMPLETE_v20 page 10_pages_1-6.md
174-001-121,,174,001,"Wheelwell - Floor, Front, Bus Body",VMRS_HB_COMPLETE_v20 page 10_pages_1-6.md
174-001-185,,174,001,Spacer - Root Bow,VMRS_HB_COMPLETE_v20 page 10_pages_1-6.md
174-001-122,,174,001,"Frame, Door - Bus Body, Rear",VMRS_HB_COMPLETE_v20 page 10_pages_1-6.md
174-001-186,,174,001,Cap/Cover - Bow,VMRS_HB_COMPLETE_v20 page 10_pages_1-6.md
174-001-123,,174,001,Flooring - Vestibule,VMRS_HB_COMPLETE_v20 page 10_pages_1-6.md
174-001-187,,174,001,Mounting - Handrall,VMRS_HB_COMPLETE_v20 page 10_pages_1-6.md
174-001-124,,174,001,Trim - Bus Window Header,VMRS_HB_COMPLETE_v20 page 10_pages_1-6.md
174-001-188,,174,001,"Hinge - Door, Bus Body",VMRS_HB_COMPLETE_v20 page 10_pages_1-6.md
174-001-125,,174,001,Trim - Bus Floor Covering,VMRS_HB_COMPLETE_v20 page 10_pages_1-6.md
174-001-189,,174,001,Insulation - Bus Body,VMRS_HB_COMPLETE_v20 page 10_pages_1-6.md
174-001-126,,174,001,Insulation - Bus Side Wall,VMRS_HB_COMPLETE_v20 page 10_pages_1-6.md
174-001-190,,174,001,"Latch - Door, Bus Body",VMRS_HB_COMPLETE_v20 page 10_pages_1-6.md
174-001-127,,174,001,Insulation - Bus Roof,VMRS_HB_COMPLETE_v20 page 10_pages_1-6.md
174-001-191,,174,001,"Lock - Door, Bus Body",VMRS_HB_COMPLETE_v20 page 10_pages_1-6.md
174-001-128,,174,001,Insulation - Bus Floor,VMRS_HB_COMPLETE_v20 page 10_pages_1-6.md
174-001-192,,174,001,"Pin - Door Hinge, Bus Body",VMRS_HB_COMPLETE_v20 page 10_pages_1-6.md
174-001-129,,174,001,Insulation - Bus Front Wall,VMRS_HB_COMPLETE_v20 page 10_pages_1-6.md
174-001-193,,174,001,"Glass - Window, Bus Body",VMRS_HB_COMPLETE_v20 page 10_pages_1-6.md
174-001-130,,174,001,Insulation - Bus Rear Wall,VMRS_HB_COMPLETE_v20 page 10_pages_1-6.md
174-001-194,,174,001,Bracket - Grab Handle,VMRS_HB_COMPLETE_v20 page 10_pages_1-6.md
174-001-131,,174,001,"Molding - Shoe, Interior Bus Body",VMRS_HB_COMPLETE_v20 page 10_pages_1-6.md
174-001-195,,174,001,"Cover - Joint, Rub Rail",VMRS_HB_COMPLETE_v20 page 10_pages_1-6.md
174-001-132,,174,001,End Cap - Interior Bus Body Shoe Molding,VMRS_HB_COMPLETE_v20 page 10_pages_1-6.md
174-001-196,,174,001,Grab Handle,VMRS_HB_COMPLETE_v20 page 10_pages_1-6.md
174-001-133,,174,001,"Channel - Mounting, Bus Engine Slide-Out",VMRS_HB_COMPLETE_v20 page 10_pages_1-6.md
174-001-197,,174,001,Pivot - Engine Compartment,VMRS_HB_COMPLETE_v20 page 10_pages_1-6.md
174-001-134,,174,001,Drip Rail - Bus Body Side Window,VMRS_HB_COMPLETE_v20 page 10_pages_1-6.md
174-001-198,,174,001,Spring - Luggage Door,VMRS_HB_COMPLETE_v20 page 10_pages_1-6.md
174-001-135,,174,001,Drip Rail - Underbody Storage Compartment,VMRS_HB_COMPLETE_v20 page 10_pages_1-6.md
174-001-199,,174,001,Cylinder - Air. Door. Bus Body,VMRS_HB_COMPLETE_v20 page 10_pages_1-6.md
174-001-200,,174,001,Beinforcement - Bus Body,VMRS_HB_COMPLETE_v20 page 10_pages_1-6.md
174-001-136,,174,001,Drip Bail - Bus Body Door,VMRS_HB_COMPLETE_v20 page 10_pages_1-6.md
174-001-201,,174,001,Moulding - Bus Body,VMRS_HB_COMPLETE_v20 page 10_pages_1-6.md
174-001-137,,174,001,Unholstery - Interior Bus Pad Coverings,VMRS_HB_COMPLETE_v20 page 10_pages_1-6.md
174-001-202,,174,001,Panel - Filler Bus Body,VMRS_HB_COMPLETE_v20 page 10_pages_1-6.md
174-001-138,,174,001,Bail - Shoulder Padded Interior Bus Body,VMRS_HB_COMPLETE_v20 page 10_pages_1-6.md
174-001-139,,174,001,Panal Access Rus Rody Electrical & Dlumbing,VMRS_HB_COMPLETE_v20 page 10_pages_1-6.md
174-001-204,,174,001,Rod - Door Rus Rody,VMRS_HB_COMPLETE_v20 page 10_pages_1-6.md
174-001-140,,174,001,Trim Ding Eucl Access Door,VMRS_HB_COMPLETE_v20 page 10_pages_1-6.md
174-001-205,,174,001,"Sear - Door, Bus Body",VMRS_HB_COMPLETE_v20 page 10_pages_1-6.md
174-001-141,,174,001,Inm Ring - Fuel Access Door,VMRS_HB_COMPLETE_v20 page 10_pages_1-6.md
174-001-142,,174,001,"Parlel - Fuel Fill Recess, Exterior bus body",VMRS_HB_COMPLETE_v20 page 10_pages_1-6.md
174-001-207,,174,001,"Diackel - Doul, bus bouy",VMRS_HB_COMPLETE_v20 page 10_pages_1-6.md
174-001-143,,174,001,"Pad - Salety, Bus Drivers Head Impact",VMRS_HB_COMPLETE_v20 page 10_pages_1-6.md
174-001-144,,174,001,"Panel - Air Inlet, Exterior Bus Body",VMRS_HB_COMPLETE_v20 page 10_pages_1-6.md
174-001-209,,174,001,"Threshold - Door, Bus Body",VMRS_HB_COMPLETE_v20 page 10_pages_1-6.md
174-001-145,,174,001,Cover - Bus Engine,VMRS_HB_COMPLETE_v20 page 10_pages_1-6.md
174-001-210,,174,001,Toeboard - Bus Body,VMRS_HB_COMPLETE_v20 page 10_pages_1-6.md
174-001-146,,174,001,Hinge - Bus Engine Cover,VMRS_HB_COMPLETE_v20 page 10_pages_1-6.md
174-001-211,,174,001,"Guard - Window, Bus Body",VMRS_HB_COMPLETE_v20 page 10_pages_1-6.md
174-001-147,,174,001,Latch - Bus Engine Cover,VMRS_HB_COMPLETE_v20 page 10_pages_1-6.md
174-001-212,,174,001,Post - Bus Body Door,VMRS_HB_COMPLETE_v20 page 10_pages_1-6.md
174-001-148,,174,001,"Plate - Reinforcing, Bus Door Hinge",VMRS_HB_COMPLETE_v20 page 10_pages_1-6.md
174-001-213,,174,001,Panel - Bus Body,VMRS_HB_COMPLETE_v20 page 10_pages_1-6.md
174-001-149,,174,001,Insulation - Bus Engine Cover,VMRS_HB_COMPLETE_v20 page 10_pages_1-6.md
174-001-214,,174,001,Valve - Bus Body,VMRS_HB_COMPLETE_v20 page 10_pages_1-6.md
174-001-150,,174,001,Mounting Bracket - Bus Engine,VMRS_HB_COMPLETE_v20 page 10_pages_1-6.md
174-001-215,,174,001,Bracket - Bus Body,VMRS_HB_COMPLETE_v20 page 10_pages_1-6.md
174-001-151,,174,001,"Hardware, Mounting - Bus Engine Mounting",VMRS_HB_COMPLETE_v20 page 10_pages_1-6.md
174-001-216,,174,001,Plate - Bus Body,VMRS_HB_COMPLETE_v20 page 10_pages_1-6.md
174-001-217,,174,001,"Panel - Trim, Bus Body",VMRS_HB_COMPLETE_v20 page 10_pages_1-6.md
174-001-152,,174,001,Strut - Bus Engine Access Door,VMRS_HB_COMPLETE_v20 page 10_pages_1-6.md
174-001-218,,174,001,"Panel - Door, Bus Body",VMRS_HB_COMPLETE_v20 page 10_pages_1-6.md
174-001-153,,174,001,Ball Stud Mount - Bus Engine Access Door Strut,VMRS_HB_COMPLETE_v20 page 10_pages_1-6.md
174-001-219,,174,001,Brace - Bus Body,VMRS_HB_COMPLETE_v20 page 10_pages_1-6.md
174-001-154,,174,001,Trim - Bus Engine Cover,VMRS_HB_COMPLETE_v20 page 10_pages_1-6.md
174-001-220,,174,001,"Channel - Window, Bus Body",VMRS_HB_COMPLETE_v20 page 10_pages_1-6.md
174-001-155,,174,001,Striker - Bus Engine Access Door,VMRS_HB_COMPLETE_v20 page 10_pages_1-6.md
174-001-221,,174,001,"Channel - Door, Bus Body",VMRS_HB_COMPLETE_v20 page 10_pages_1-6.md
174-001-156,,174,001,Lock - Refueling Access Door,VMRS_HB_COMPLETE_v20 page 10_pages_1-6.md
174-001-222,,174,001,"Cowl - Radiator, Bus Body",VMRS_HB_COMPLETE_v20 page 10_pages_1-6.md
174-001-157,,174,001,Spring - Refueling Access Door,VMRS_HB_COMPLETE_v20 page 10_pages_1-6.md
174-001-223,,174,001,"Stop - Door, Bus Body",VMRS_HB_COMPLETE_v20 page 10_pages_1-6.md
174-001-158,,174,001,Trim - Bus Door Header,VMRS_HB_COMPLETE_v20 page 10_pages_1-6.md
174-001-224,,174,001,"Stop - Window, Bus Body",VMRS_HB_COMPLETE_v20 page 10_pages_1-6.md
174-001-159,,174,001,Mounting Plate - Drivers Storage Box,VMRS_HB_COMPLETE_v20 page 10_pages_1-6.md
174-001-225,,174,001,"Plate - Switch, Bus Body",VMRS_HB_COMPLETE_v20 page 10_pages_1-6.md
174-001-160,,174,001,Mounting Bracket - Emergency Axe,VMRS_HB_COMPLETE_v20 page 10_pages_1-6.md
174-001-226,,174,001,Door - Bus Body,VMRS_HB_COMPLETE_v20 page 10_pages_1-6.md
174-001-161,,174,001,Mounting Bracket - Electrical Compartment,VMRS_HB_COMPLETE_v20 page 10_pages_1-6.md
174-001-227,,174,001,"Trash Guard - Window, Bus Body",VMRS_HB_COMPLETE_v20 page 10_pages_1-6.md
174-001-228,,174,001,"Sill - Door, Bus Body",VMRS_HB_COMPLETE_v20 page 10_pages_1-6.md
174-001-162,,174,001,Grab Bail - Bus Interior Ceiling Mounted,VMRS_HB_COMPLETE_v20 page 10_pages_1-6.md
174-001-229,,174,001,Toe Plate - Bus Body,VMRS_HB_COMPLETE_v20 page 10_pages_1-6.md
174-001-163,,174,001,Elbow - Bus Interior Ceiling Mounted Grab Bail,VMRS_HB_COMPLETE_v20 page 10_pages_1-6.md
174-001-230,,174,001,Handle - Bus Body,VMRS_HB_COMPLETE_v20 page 10_pages_1-6.md
174-001-164,,174,001,Hardware Mounting - Bus Interior Ceiling,VMRS_HB_COMPLETE_v20 page 10_pages_1-6.md
174-001-231,,174,001,Moulding - Bus Body,VMRS_HB_COMPLETE_v20 page 10_pages_1-6.md
174-001-104,,174,001,Mounted Grab Bail,VMRS_HB_COMPLETE_v20 page 10_pages_1-6.md
174-001-232,,174,001,"Panel - Inner, Rear Engine Door",VMRS_HB_COMPLETE_v20 page 10_pages_1-6.md
174-001-165,,174,001,Lanvard - Ston Electrical Compartment Access,VMRS_HB_COMPLETE_v20 page 10_pages_1-6.md
174-002-000,,174,002,Structure Ston - Rue Entry,VMRS_HB_COMPLETE_v20 page 10_pages_1-6.md
174-002-001,,174,002,Danal Sido - Bus Entry Stan,VMRS_HB_COMPLETE_v20 page 10_pages_1-6.md
174-001-107,,174,001,"Cussel - Support, Dus Structure",VMRS_HB_COMPLETE_v20 page 10_pages_1-6.md
174-002-002,,174,002,"Farler, Slue - Dus Eritry Step",VMRS_HB_COMPLETE_v20 page 10_pages_1-6.md
174-001-108,,174,001,"naruware, Mounting - bus Structure Support",VMRS_HB_COMPLETE_v20 page 10_pages_1-6.md
174-002-003,,174,002,Panel Tread Bus Entry Step,VMRS_HB_COMPLETE_v20 page 10_pages_1-6.md
174-002-004,,174,002,"Pariel, Tread - Bus Entry Step",VMRS_HB_COMPLETE_v20 page 10_pages_1-6.md
,001-169,001,169,"Prop - Satety, Bus Engine Cover",VMRS_HB_COMPLETE_v20 page 10_pages_1-6.md
,002-005,002,005,"Cap, Tread Wear, Unneated - Bus Entry Step",VMRS_HB_COMPLETE_v20 page 10_pages_1-6.md
,001-170,001,170,"Key - Door Lock, Bus Body",VMRS_HB_COMPLETE_v20 page 10_pages_1-6.md
174-002-006,,174,002,"Cap, Tread Wear, Heated - Bus Entry Step",VMRS_HB_COMPLETE_v20 page 10_pages_1-6.md
174-001-171,,174,001,Mounting Bracket - Under Floor Air Horn,VMRS_HB_COMPLETE_v20 page 10_pages_1-6.md
174-002-007,,174,002,"Hardware, Mounting - Tread Wear Cap",VMRS_HB_COMPLETE_v20 page 10_pages_1-6.md
174-002-008,,174,002,Switch - Heated Tread Wear Cap,VMRS_HB_COMPLETE_v20 page 10_pages_1-6.md
174-003-035,,174,003,Handle - Underbody Storage Compartment Door,VMRS_HB_COMPLETE_v20 page 10_pages_1-6.md
174-002-009,,174,002,2-009 Wiring Harness - Heated Tread Wear Cap,VMRS_HB_COMPLETE_v20 page 10_pages_1-6.md
174-002-010,,174,002,Thermostat - Heated Tread Wear Cap,VMRS_HB_COMPLETE_v20 page 10_pages_1-6.md
174-003-037,,174,003,"Panel - Bottom & Back, Underbody Storage",VMRS_HB_COMPLETE_v20 page 10_pages_1-6.md
174-002-011,,174,002,"Cover, Air Vent - Bus Entry Step",VMRS_HB_COMPLETE_v20 page 10_pages_1-6.md
174-000-000,,174,000,Compartment,VMRS_HB_COMPLETE_v20 page 10_pages_1-6.md
174-002-012,,174,002,"Hardware, Mounting - Bus Entry Step Air Vent",VMRS_HB_COMPLETE_v20 page 10_pages_1-6.md
174-003-038,,174,003,Clip Red Deer Laten Luggage Door,VMRS_HB_COMPLETE_v20 page 10_pages_1-6.md
174-002-013,,174,002,Handrail Passenger Assist - Bus Entry Sten,VMRS_HB_COMPLETE_v20 page 10_pages_1-6.md
174-003-040,,174,003,Pulley - Lift Assist Luggage Door,VMRS_HB_COMPLETE_v20 page 10_pages_1-6.md
174-003-041,,174,003,Clevis - Pulley Lift Assist Luggage Door,VMRS_HB_COMPLETE_v20 page 10_pages_1-6.md
174-002-015,,174,002,Cover - Riser. Bus Entry Step,VMRS_HB_COMPLETE_v20 page 10_pages_1-6.md
174-004-000,,174,004,Bus Underbody Battery Compartment,VMRS_HB_COMPLETE_v20 page 10_pages_1-6.md
174-002-016,,174,002,"Panel - Sound Abatement, Bus Entry Step Riser",VMRS_HB_COMPLETE_v20 page 10_pages_1-6.md
174-002-017,,174,002,"Panel - Trim, Bus Entry Step",VMRS_HB_COMPLETE_v20 page 10_pages_1-6.md
174-004-001,,174,004,"Panel, Side - Underbody Battery Compartment",VMRS_HB_COMPLETE_v20 page 10_pages_1-6.md
174-002-018,,174,002,Tread - Bus Entry Step,VMRS_HB_COMPLETE_v20 page 10_pages_1-6.md
174-004-002,,174,004,"Panel, Top - Underbody Battery Compartment",VMRS_HB_COMPLETE_v20 page 10_pages_1-6.md
174-002-019,,174,002,Nosing - Bus Entry Step,VMRS_HB_COMPLETE_v20 page 10_pages_1-6.md
174-004-003,,174,004,"Panel, Rear - Underbody Battery Compartment",VMRS_HB_COMPLETE_v20 page 10_pages_1-6.md
174-002-020,,174,002,Mounting Bracket - Step,VMRS_HB_COMPLETE_v20 page 10_pages_1-6.md
174-004-004,,174,004,Tray - Underbody Battery Compartment,VMRS_HB_COMPLETE_v20 page 10_pages_1-6.md
174-002-021,,174,002,Irim - Stepwell,VMRS_HB_COMPLETE_v20 page 10_pages_1-6.md
174-004-005,,174,004,Mounting Bracket - Underbody Battery,VMRS_HB_COMPLETE_v20 page 10_pages_1-6.md
174-002-022,,174,002,Hardware Mounting Punning Board,VMRS_HB_COMPLETE_v20 page 10_pages_1-6.md
174-004-006,,174,004,Compariment Tray,VMRS_HB_COMPLETE_v20 page 10_pages_1-6.md
174-002-023,,174,002,Sten - Drivers Entrance,VMRS_HB_COMPLETE_v20 page 10_pages_1-6.md
174-002-025,,174,002,Guard - Bus Entry Step,VMRS_HB_COMPLETE_v20 page 10_pages_1-6.md
174-004-007,,174,004,"Channel, Slide-Out - Underbody Battery",VMRS_HB_COMPLETE_v20 page 10_pages_1-6.md
174-003-000,,174,003,Bus Underbody Storage Compartment,VMRS_HB_COMPLETE_v20 page 10_pages_1-6.md
174-004-008,,174,004,"Hardware, Mounting - Battery Tray Slide-Out",VMRS_HB_COMPLETE_v20 page 10_pages_1-6.md
174-003-001,,174,003,"Panel, Side - Underbody Storage Compartment",VMRS_HB_COMPLETE_v20 page 10_pages_1-6.md
174-003-002,,174,003,"Panel, Top - Underbody Storage Compartment",VMRS_HB_COMPLETE_v20 page 10_pages_1-6.md
174-004-009,,174,004,Door - Underbody Battery Compartment,VMRS_HB_COMPLETE_v20 page 10_pages_1-6.md
174-003-003,,174,003,"Panel, Rear - Underbody Storage Compartment",VMRS_HB_COMPLETE_v20 page 10_pages_1-6.md
174-004-010,,174,004,Seal - Underbody Battery Compartment Door,VMRS_HB_COMPLETE_v20 page 10_pages_1-6.md
174-003-004,,174,003,"Panel, Floor - Underbody Storage Compartment",VMRS_HB_COMPLETE_v20 page 10_pages_1-6.md
174-004-011,,174,004,Hinge - Underbody Battery Compartment Door,VMRS_HB_COMPLETE_v20 page 10_pages_1-6.md
174-003-005,,174,003,Door - Underbody Storage Compartment,VMRS_HB_COMPLETE_v20 page 10_pages_1-6.md
174-004-012,,174,004,"Hardware, Mounting - Underbody Battery",VMRS_HB_COMPLETE_v20 page 10_pages_1-6.md
174-003-007,,174,003,"Hardware, Mounting - Underbody Storage",VMRS_HB_COMPLETE_v20 page 10_pages_1-6.md
174-004-013,,174,004,Hardware Mounting - Underbody Battery,VMRS_HB_COMPLETE_v20 page 10_pages_1-6.md
174-004-014,,174,004,"Compartment Latch""",VMRS_HB_COMPLETE_v20 page 10_pages_1-6.md
174-003-009,,174,003,Latch - Underbody Storage Compartment Door,VMRS_HB_COMPLETE_v20 page 10_pages_1-6.md
174-004-015,,174,004,Spring - Underbody Battery Compartment Latch,VMRS_HB_COMPLETE_v20 page 10_pages_1-6.md
174-003-010,,174,003,"Hardware, Mounting - Underbody Storage",VMRS_HB_COMPLETE_v20 page 10_pages_1-6.md
174-004-016,,174,004,"Ring, Pull - Underbody Battery Compartment",VMRS_HB_COMPLETE_v20 page 10_pages_1-6.md
174-003-011,,174,003,Lock - Underbody Storage Compartment Door,VMRS_HB_COMPLETE_v20 page 10_pages_1-6.md
174-004-017,,174,004,Pin - Underbody Battery Compartment Latch,VMRS_HB_COMPLETE_v20 page 10_pages_1-6.md
174-003-012,,174,003,"Hardware, Mounting - Underbody Storage",VMRS_HB_COMPLETE_v20 page 10_pages_1-6.md
174-004-018,,174,004,Frame - Underbody Battery Compartment,VMRS_HB_COMPLETE_v20 page 10_pages_1-6.md
174-004-019,,174,004,Trim - Underbody Battery Compartment,VMRS_HB_COMPLETE_v20 page 10_pages_1-6.md
174-003-014,,174,003,Frame - Underbody Storage Compartment Door,VMRS_HB_COMPLETE_v20 page 10_pages_1-6.md
174-004-020,,174,004,Handle - Underbody Battery Compartment Tray,VMRS_HB_COMPLETE_v20 page 10_pages_1-6.md
174-004-021,,174,004,Spacer - Underbody Storage Compartment Door,VMRS_HB_COMPLETE_v20 page 10_pages_1-6.md
174-003-015,,174,003,Mounting Bracket - Underbody Storage,VMRS_HB_COMPLETE_v20 page 10_pages_1-6.md
174-000-010,,174,000,Compartment,VMRS_HB_COMPLETE_v20 page 10_pages_1-6.md
174-004-022,,174,004,Underbody Bus Compartment,VMRS_HB_COMPLETE_v20 page 10_pages_1-6.md
174-003-017,,174,003,Strut - Underbody Storage Compartment Door,VMRS_HB_COMPLETE_v20 page 10_pages_1-6.md
174-005-000,,174,005,Bus Standard Side Window Components,VMRS_HB_COMPLETE_v20 page 10_pages_1-6.md
174-003-018,,174,003,Mounting Bracket - Underbody Storage,VMRS_HB_COMPLETE_v20 page 10_pages_1-6.md
174-005-001,,174,005,"Window, Standard - Bus Body Side, Complete",VMRS_HB_COMPLETE_v20 page 10_pages_1-6.md
174-003-019,,174,003,"Hardware, Mounting - Underbody Storage",VMRS_HB_COMPLETE_v20 page 10_pages_1-6.md
174-005-002,,174,005,"Hardware, Mounting - Bus Body Side Window",VMRS_HB_COMPLETE_v20 page 10_pages_1-6.md
174-003-020,,174,003,Pin - Underbody Storage Compartment Door,VMRS_HB_COMPLETE_v20 page 10_pages_1-6.md
174-005-003,,174,005,"Frame - Standard, Bus Body Side Window",VMRS_HB_COMPLETE_v20 page 10_pages_1-6.md
174-000-001,,174,000,Strut,VMRS_HB_COMPLETE_v20 page 10_pages_1-6.md
174-005-004,,174,005,"Glass - Standard, Bus Body Side Window",VMRS_HB_COMPLETE_v20 page 10_pages_1-6.md
174-003-021,,174,003,Mounting Bracket - Underbody Storage,VMRS_HB_COMPLETE_v20 page 10_pages_1-6.md
174-005-005,,174,005,Seal - Bus Body Side Window Glass,VMRS_HB_COMPLETE_v20 page 10_pages_1-6.md
174-003-022,,174,003,Gusset - Underbody Storage Compartment,VMRS_HB_COMPLETE_v20 page 10_pages_1-6.md
174-000-007,,174,000,Hinge,VMRS_HB_COMPLETE_v20 page 10_pages_1-6.md
174-005-008,,174,005,"Latch - Standard, Bus Body Side Window",VMRS_HB_COMPLETE_v20 page 10_pages_1-6.md
174-003-024,,174,003,"Pad - Safety, Underbody Storage Compartment",VMRS_HB_COMPLETE_v20 page 10_pages_1-6.md
174-005-009,,174,005,"Hardware, Mounting - Bus Body Side Window",VMRS_HB_COMPLETE_v20 page 10_pages_1-6.md
174-003-025,,174,003,Striker - Underbody Storage Compartment Door,VMRS_HB_COMPLETE_v20 page 10_pages_1-6.md
174-005-010,,174,005,Frame - Bus Body Side Storm Window,VMRS_HB_COMPLETE_v20 page 10_pages_1-6.md
174-003-026,,174,003,Shim - Underbody Storage Compartment Door,VMRS_HB_COMPLETE_v20 page 10_pages_1-6.md
174-005-011,,174,005,Glass - Bus Body Side Storm Window,VMRS_HB_COMPLETE_v20 page 10_pages_1-6.md
174-005-012,,174,005,Seal - Bus Body Side Storm Window Glass,VMRS_HB_COMPLETE_v20 page 10_pages_1-6.md
174-003-027,,174,003,Spacer - Underbody Storage Compartment Door,VMRS_HB_COMPLETE_v20 page 10_pages_1-6.md
174-005-013,,174,005,"Frame - Top Hinged, Bus Body Side Window",VMRS_HB_COMPLETE_v20 page 10_pages_1-6.md
174-003-028,,174,003,"Prop - Salety, Underbody Storage Compartment",VMRS_HB_COMPLETE_v20 page 10_pages_1-6.md
174-005-014,,174,005,"Frame - Side Hinged, Bus Body Side Window",VMRS_HB_COMPLETE_v20 page 10_pages_1-6.md
174-005-015,,174,005,"Glass - Top Hinged, Bus Body Side Window",VMRS_HB_COMPLETE_v20 page 10_pages_1-6.md
174-000-025,,174,000,Compartment Door Safety Prop,VMRS_HB_COMPLETE_v20 page 10_pages_1-6.md
174-005-017,,174,005,"Seal - Top Hinged, Bus Body Side Window Glass",VMRS_HB_COMPLETE_v20 page 10_pages_1-6.md
174-003-030,,174,003,Cover - Underbody Storage Compartment Door,VMRS_HB_COMPLETE_v20 page 10_pages_1-6.md
174-005-018,,174,005,"Seal - Side Hinged, Bus Body Side Window",VMRS_HB_COMPLETE_v20 page 10_pages_1-6.md
174-003-031,,174,003,Chain - Underbody Storage Compartment Door,VMRS_HB_COMPLETE_v20 page 10_pages_1-6.md
174-005-019,,174,005,"Latch - Top Hinged, Bus Body Side Window",VMRS_HB_COMPLETE_v20 page 10_pages_1-6.md
174-003-032,,174,003,Mounting Plate - Underbody Storage,VMRS_HB_COMPLETE_v20 page 10_pages_1-6.md
174-005-020,,174,005,"Latch - Side Hinged, Bus Body Side Window",VMRS_HB_COMPLETE_v20 page 10_pages_1-6.md
174-005-021,,174,005,Stop - Bus Body Side Window,VMRS_HB_COMPLETE_v20 page 10_pages_1-6.md
174-003-033,,174,003,Rod - Underbody Storage Compartment Door,VMRS_HB_COMPLETE_v20 page 10_pages_1-6.md
174-005-022,,174,005,Hand Rail - Bus Body Side Window,VMRS_HB_COMPLETE_v20 page 10_pages_1-6.md
174-005-023,,174,005,SIII - BUS BODY SIDE WINDOW,VMRS_HB_COMPLETE_v20 page 10_pages_1-6.md
,003-034,003,034,Compartment Assembly - Underbody Storage,VMRS_HB_COMPLETE_v20 page 10_pages_1-6.md
174-005-024,,174,005,mm - Dus Douy Side Window,VMRS_HB_COMPLETE_v20 page 10_pages_1-6.md
174-005-025,,174,005,Mull Bar - Bus Body Side Window,VMRS_HB_COMPLETE_v20 page 10_pages_1-6.md
174-008-008,,174,008,"Seal - Upper Left Visibility Window Glass, Bus",VMRS_HB_COMPLETE_v20 page 10_pages_1-6.md
174-005-026,,174,005,Sash - Sliding Bus Body Side Window,VMRS_HB_COMPLETE_v20 page 10_pages_1-6.md
174-005-027,,174,005,Sach Sliding Bus Body Side Storm Window,VMRS_HB_COMPLETE_v20 page 10_pages_1-6.md
,008-000,008,000,Glass Visibility Window Upper Bus Body,VMRS_HB_COMPLETE_v20 page 10_pages_1-6.md
174-000-009,,174,000,"Class - Visibility Window, Opper, Bus Dody",VMRS_HB_COMPLETE_v20 page 10_pages_1-6.md
174-005-028,,174,005,"Frame - Sash, Bus Body Side Window",VMRS_HB_COMPLETE_v20 page 10_pages_1-6.md
174-008-010,,174,008,"Glass - Visibility Window, Lower, Bus Body",VMRS_HB_COMPLETE_v20 page 10_pages_1-6.md
174-005-029,,174,005,"Seal - Sash, Bus Body Side Window",VMRS_HB_COMPLETE_v20 page 10_pages_1-6.md
174-008-011,,174,008,"Glass - Rooftop, Bus Body",VMRS_HB_COMPLETE_v20 page 10_pages_1-6.md
174-005-030,,174,005,"Channel - Slide, Bus Body Side Window",VMRS_HB_COMPLETE_v20 page 10_pages_1-6.md
174-008-012,,174,008,"Shade - Interior, Passenger Side, Bus Body",VMRS_HB_COMPLETE_v20 page 10_pages_1-6.md
174-005-031,,174,005,Handle - Bus Body Side Window,VMRS_HB_COMPLETE_v20 page 10_pages_1-6.md
174-009-000,,174,009,Bus Driver Sliding Window Components,VMRS_HB_COMPLETE_v20 page 10_pages_1-6.md
174-005-032,,174,005,Seal - Bus Body Side Window Assembly,VMRS_HB_COMPLETE_v20 page 10_pages_1-6.md
174-009-001,,174,009,Window Sliding - Bus Driver Side Complete,VMRS_HB_COMPLETE_v20 page 10_pages_1-6.md
174-005-033,,174,005,"Clip - Retainer, Bus Bouy Side Window Sash",VMRS_HB_COMPLETE_v20 page 10_pages_1-6.md
171-000-000,,171,000,Assembly,VMRS_HB_COMPLETE_v20 page 10_pages_1-6.md
174-005-034,,174,005,Cover - Bus Body Side Window Latch,VMRS_HB_COMPLETE_v20 page 10_pages_1-6.md
174-009-002,,174,009,"Hardware, Mounting - Bus Driver Side Sliding",VMRS_HB_COMPLETE_v20 page 10_pages_1-6.md
174-005-035,,174,005,"Spring - Sliding, Bus Body Side Window",VMRS_HB_COMPLETE_v20 page 10_pages_1-6.md
174-005-036,,174,005,"Spring - Release, Bus Body Side Window",VMRS_HB_COMPLETE_v20 page 10_pages_1-6.md
174-009-003,,174,009,Frame - Bus Driver Side Sliding Window,VMRS_HB_COMPLETE_v20 page 10_pages_1-6.md
174-005-037,,174,005,"Bracket - Window, Lower",VMRS_HB_COMPLETE_v20 page 10_pages_1-6.md
174-009-004,,174,009,Glass - Bus Driver Side Sliding Window,VMRS_HB_COMPLETE_v20 page 10_pages_1-6.md
174-005-038,,174,005,Lock - Window,VMRS_HB_COMPLETE_v20 page 10_pages_1-6.md
174-009-005,,174,009,Seal - Bus Driver Side Sliding Window Glass,VMRS_HB_COMPLETE_v20 page 10_pages_1-6.md
174-000-006,,174,000,Channel Sliding Rue Driver Side Window,VMRS_HB_COMPLETE_v20 page 10_pages_1-6.md
174-005-039,,174,005,"Shock - Lin Assist, Window",VMRS_HB_COMPLETE_v20 page 10_pages_1-6.md
174-005-040,,174,005,Frame - Bus Body Drivers Storm Window,VMRS_HB_COMPLETE_v20 page 10_pages_1-6.md
174-009-007,,174,009,Latch - Bus Driver Side Sliding Window,VMRS_HB_COMPLETE_v20 page 10_pages_1-6.md
174-005-041,,174,005,Glass - Bus Body Drivers Storm Window,VMRS_HB_COMPLETE_v20 page 10_pages_1-6.md
174-009-008,,174,009,Stop - Bus Driver Side Sliding Window,VMRS_HB_COMPLETE_v20 page 10_pages_1-6.md
174-005-042,,174,005,Seal - Bus Body Drivers Storm Window Glass,VMRS_HB_COMPLETE_v20 page 10_pages_1-6.md
174-009-009,,174,009,Trim - Bus Drivers Side Sliding Window,VMRS_HB_COMPLETE_v20 page 10_pages_1-6.md
174-005-043,,174,005,Sash - Bus Body Drivers Storm Window,VMRS_HB_COMPLETE_v20 page 10_pages_1-6.md
174-009-010,,174,009,Spacer - Bus Drivers Side Sliding Window,VMRS_HB_COMPLETE_v20 page 10_pages_1-6.md
174-005-044,,174,005,Glass - Bus Body Entrance Door Storm Window,VMRS_HB_COMPLETE_v20 page 10_pages_1-6.md
174-010-000,,174,010,Folding Bus Entry Door Components,VMRS_HB_COMPLETE_v20 page 10_pages_1-6.md
174-005-045,,174,005,Seal - Bus Body Entrance Door Storm Window,VMRS_HB_COMPLETE_v20 page 10_pages_1-6.md
174-010-001,,174,010,Door Folding - Entrance Complete Assembly,VMRS_HB_COMPLETE_v20 page 10_pages_1-6.md
174-000-040,,174,000,,VMRS_HB_COMPLETE_v20 page 10_pages_1-6.md
174-010-002,,174,010,Flame - Folding Entrance Door,VMRS_HB_COMPLETE_v20 page 10_pages_1-6.md
174-005-046,,174,005,Glass - Bus Body Emergency Door Storm,VMRS_HB_COMPLETE_v20 page 10_pages_1-6.md
174-010-003,,174,010,Seal - Folding Entrance Door,VMRS_HB_COMPLETE_v20 page 10_pages_1-6.md
174-010-004,,174,010,Hinge - Folding Entrance Door,VMRS_HB_COMPLETE_v20 page 10_pages_1-6.md
174-005-047,,174,005,Seal - Bus Body Emergency Door Storm Window,VMRS_HB_COMPLETE_v20 page 10_pages_1-6.md
174-010-005,,174,010,"Hardware, Mounting - Folding Entrance Door",VMRS_HB_COMPLETE_v20 page 10_pages_1-6.md
174-005-048,,174,005,Glass - Bus Body Stationary Storm Window,VMRS_HB_COMPLETE_v20 page 10_pages_1-6.md
174-010-006,,174,010,Cylinder - Folding Entrance Door,VMRS_HB_COMPLETE_v20 page 10_pages_1-6.md
174-005-049,,174,005,Seal - Bus Body Stationary Storm Window Glass,VMRS_HB_COMPLETE_v20 page 10_pages_1-6.md
174-010-007,,174,010,"Hardware, Mounting - Folding Entrance Door",VMRS_HB_COMPLETE_v20 page 10_pages_1-6.md
174-006-000,,174,006,Bus Push-Out Side Window Components,VMRS_HB_COMPLETE_v20 page 10_pages_1-6.md
174-006-001,,174,006,"Window, Push-Out - Bus Body Side, Complete",VMRS_HB_COMPLETE_v20 page 10_pages_1-6.md
174-010-008,,174,010,Linkage - Folding Entrance Door,VMRS_HB_COMPLETE_v20 page 10_pages_1-6.md
174-010-009,,174,010,"Hardware, Mounting - Folding Entrance Door",VMRS_HB_COMPLETE_v20 page 10_pages_1-6.md
174-006-002,,174,006,"Hardware, Mounting - Bus Body Side Push-Out",VMRS_HB_COMPLETE_v20 page 10_pages_1-6.md
174-010-010,,174,010,"Valve, Control - I Olding Entrance Door",VMRS_HB_COMPLETE_v20 page 10_pages_1-6.md
174-006-003,,174,006,Frame - Bus Body Side Push-Out Window,VMRS_HB_COMPLETE_v20 page 10_pages_1-6.md
174-010-011,,174,010,"Hardware, Mounting - Folding Entrance Door",VMRS_HB_COMPLETE_v20 page 10_pages_1-6.md
174-006-004,,174,006,Hinge - Bus Body Side Push-Out Window,VMRS_HB_COMPLETE_v20 page 10_pages_1-6.md
174-006-005,,174,006,"Hardware, Mounting - Bus Body Side Push-Out",VMRS_HB_COMPLETE_v20 page 10_pages_1-6.md
174-010-012,,174,010,"Pad, Safety - Folding Entrance Door",VMRS_HB_COMPLETE_v20 page 10_pages_1-6.md
174-010-013,,174,010,"Hardware, Mounting - Folding Entrance Door",VMRS_HB_COMPLETE_v20 page 10_pages_1-6.md
174-006-006,,174,006,Latch - Bus Body Side Push-Out Window,VMRS_HB_COMPLETE_v20 page 10_pages_1-6.md
174-006-007,,174,006,Glass - Bus Body Side Push-Out Window,VMRS_HB_COMPLETE_v20 page 10_pages_1-6.md
174-010-014,,174,010,Guard Safety - Folding Entrance Door,VMRS_HB_COMPLETE_v20 page 10_pages_1-6.md
174-000-008,,174,000,Seal - Bus Body Side Push-Out Window Glass,VMRS_HB_COMPLETE_v20 page 10_pages_1-6.md
174-010-015,,174,010,"Hardware, Mounting - Folding Entrance Door",VMRS_HB_COMPLETE_v20 page 10_pages_1-6.md
174-006-009,,174,006,Handle - Bus Body Side Push-Out Window,VMRS_HB_COMPLETE_v20 page 10_pages_1-6.md
174-006-010,,174,006,"Pad - Header, Bus Body Side Push-Out Window",VMRS_HB_COMPLETE_v20 page 10_pages_1-6.md
174-010-016,,174,010,Glass - Folding Entrance Door,VMRS_HB_COMPLETE_v20 page 10_pages_1-6.md
174-006-011,,174,006,Sill - Bus Body Side Push-Out Window,VMRS_HB_COMPLETE_v20 page 10_pages_1-6.md
174-010-017,,174,010,Seal - Folding Entrance Door Glass,VMRS_HB_COMPLETE_v20 page 10_pages_1-6.md
174-006-012,,174,006,Cable - Bus Body Side Push-Out Window,VMRS_HB_COMPLETE_v20 page 10_pages_1-6.md
174-010-018,,174,010,Motor - Folding Entrance Door,VMRS_HB_COMPLETE_v20 page 10_pages_1-6.md
174-006-013,,174,006,Shock - Lift Assist Bus Body Side Push-Out,VMRS_HB_COMPLETE_v20 page 10_pages_1-6.md
,000-011,000,011,WINdow,VMRS_HB_COMPLETE_v20 page 10_pages_1-6.md
174-006-014,,174,006,Spring - Bus Body Side Push-Out Window,VMRS_HB_COMPLETE_v20 page 10_pages_1-6.md
174-010-020,,174,010,"Hardware, Mounting - Folding Entrance Door",VMRS_HB_COMPLETE_v20 page 10_pages_1-6.md
174-006-015,,174,006,Trim - Bus Body Side Push-Out Window,VMRS_HB_COMPLETE_v20 page 10_pages_1-6.md
174-007-000,,174,007,Bus Rear Window Components,VMRS_HB_COMPLETE_v20 page 10_pages_1-6.md
174-010-021,,174,010,"Switch, Operating - Folding Entrance Door",VMRS_HB_COMPLETE_v20 page 10_pages_1-6.md
174-007-001,,174,007,"Window - Bus Body Rear, Complete Assembly",VMRS_HB_COMPLETE_v20 page 10_pages_1-6.md
174-010-022,,174,010,Handle Emergency Belease - Folding Entrance,VMRS_HB_COMPLETE_v20 page 10_pages_1-6.md
174-007-002,,174,007,Hardware Mounting - Bus Body Bear Window,VMRS_HB_COMPLETE_v20 page 10_pages_1-6.md
174-007-003,,174,007,Frame - Bus Body Rear Window,VMRS_HB_COMPLETE_v20 page 10_pages_1-6.md
174-010-023,,174,010,"Handle, Operating - Folding Entrance Door",VMRS_HB_COMPLETE_v20 page 10_pages_1-6.md
174-007-004,,174,007,Hinge - Bus Body Rear Window,VMRS_HB_COMPLETE_v20 page 10_pages_1-6.md
174-010-024,,174,010,Wiring Harness - Folding Entrance Door Motor,VMRS_HB_COMPLETE_v20 page 10_pages_1-6.md
174-007-005,,174,007,"Hardware, Mounting - Bus Body Rear Window",VMRS_HB_COMPLETE_v20 page 10_pages_1-6.md
174-010-025,,174,010,"Line, Air - Folding Entrance Door",VMRS_HB_COMPLETE_v20 page 10_pages_1-6.md
174-010-026,,174,010,"Fitting, Airline - Folding Entrance Door",VMRS_HB_COMPLETE_v20 page 10_pages_1-6.md
174-007-006,,174,007,Latch - Bus Body Rear Window,VMRS_HB_COMPLETE_v20 page 10_pages_1-6.md
174-010-027,,174,010,Panel - Interior Folding Entrance Door,VMRS_HB_COMPLETE_v20 page 10_pages_1-6.md
174-007-007,,174,007,"Hardware, Mounting - Bus Body Bear Window",VMRS_HB_COMPLETE_v20 page 10_pages_1-6.md
174-010-029,,174,010,"Panel - Trim, Folding Entrance Door",VMRS_HB_COMPLETE_v20 page 10_pages_1-6.md
174-007-008,,174,007,Glass - Bus Body Rear Window,VMRS_HB_COMPLETE_v20 page 10_pages_1-6.md
174-010-030,,174,010,Mounting Bracket - Folding Entrance Door,VMRS_HB_COMPLETE_v20 page 10_pages_1-6.md
174-007-009,,174,007,Seal -Bus Body Rear Window Glass,VMRS_HB_COMPLETE_v20 page 10_pages_1-6.md
174-010-031,,174,010,Bearing - Folding Entrance Door,VMRS_HB_COMPLETE_v20 page 10_pages_1-6.md
174-008-000,,174,008,Bus Visibility Window Components,VMRS_HB_COMPLETE_v20 page 10_pages_1-6.md
174-010-032,,174,010,"Pedestal - Control, Folding Entrance Door",VMRS_HB_COMPLETE_v20 page 10_pages_1-6.md
174-008-001,,174,008,"Glass - Lower Right Visibility Window, Bus Body",VMRS_HB_COMPLETE_v20 page 10_pages_1-6.md
174-010-033,,174,010,"Regulator - Air, Folding Entrance Door",VMRS_HB_COMPLETE_v20 page 10_pages_1-6.md
174-008-002,,174,008,Seal - Lower Bight Visibility Window Glass Bus,VMRS_HB_COMPLETE_v20 page 10_pages_1-6.md
174-010-034,,174,010,"Adjuster - Cam Follower, Folding Entrance Door",VMRS_HB_COMPLETE_v20 page 10_pages_1-6.md
,000-002,000,002,Dody,VMRS_HB_COMPLETE_v20 page 10_pages_1-6.md
,010-035,010,035,"Laten - Salety, Folding Entrance Door",VMRS_HB_COMPLETE_v20 page 10_pages_1-6.md
174-008-003,,174,008,"Glass - Upper Right Visibility Window, Bus Body",VMRS_HB_COMPLETE_v20 page 10_pages_1-6.md
174-010-036,,174,010,Channel - Folding Entrance Door Guide Roller,VMRS_HB_COMPLETE_v20 page 10_pages_1-6.md
174-008-004,,174,008,"Seal - Upper Right Visibility Window Glass, Bus",VMRS_HB_COMPLETE_v20 page 10_pages_1-6.md
174-010-037,,174,010,Rubber Cushion - Folding Entrance Door,VMRS_HB_COMPLETE_v20 page 10_pages_1-6.md
174-010-038,,174,010,Mounting Bracket - Folding Entrance Door,VMRS_HB_COMPLETE_v20 page 10_pages_1-6.md
174-008-005,,174,008,Glass - Lower Left Visibility Window Bus Body,VMRS_HB_COMPLETE_v20 page 10_pages_1-6.md
174-008-006,,174,008,Seal - Lower Left Visibility Window Glass Rus,VMRS_HB_COMPLETE_v20 page 10_pages_1-6.md
174-010-039,,174,010,Door - Entrance - Lear-Folding W/Salety LOCK,VMRS_HB_COMPLETE_v20 page 10_pages_1-6.md
174-010-040,,174,010,Door - Entrance - Leat-Folding,VMRS_HB_COMPLETE_v20 page 10_pages_1-6.md
,008-007,008,007,"Glass - Upper Lett Visibility Window, Bus Body",VMRS_HB_COMPLETE_v20 page 10_pages_1-6.md
174-011-000,,174,011,Outward Opening Bus Entry Door Components,VMRS_HB_COMPLETE_v20 page 10_pages_1-6.md
174-011-001,,174,011,"Door, Outward Opening - Entrance, CompleteAssembly",VMRS_HB_COMPLETE_v20 page 10_pages_1-6.md
174-011-048,,174,011,Mounting Bracket - Outward Opening EntranceDoor,VMRS_HB_COMPLETE_v20 page 10_pages_1-6.md
174-011-002,,174,011,Frame - Outward Opening Entrance Door,VMRS_HB_COMPLETE_v20 page 10_pages_1-6.md
174-011-049,,174,011,Belay - Outward Opening Entrance Door,VMRS_HB_COMPLETE_v20 page 10_pages_1-6.md
174-011-003,,174,011,Seal - Outward Opening Entrance Door,VMRS_HB_COMPLETE_v20 page 10_pages_1-6.md
174-011-050,,174,011,Mounting Plate - Outward Opening Entrance,VMRS_HB_COMPLETE_v20 page 10_pages_1-6.md
174-011-004,,174,011,Hinge - Outward Opening Entrance Door,VMRS_HB_COMPLETE_v20 page 10_pages_1-6.md
,011-000,011,000,Door Lock,VMRS_HB_COMPLETE_v20 page 10_pages_1-6.md
174-011-051,,174,011,Rubber Bumper - Outward Opening Entrance,VMRS_HB_COMPLETE_v20 page 10_pages_1-6.md
174-011-006,,174,011,Cylinder - Outward Opening Entrance Door,VMRS_HB_COMPLETE_v20 page 10_pages_1-6.md
174-011-052,,174,011,Bracket - Outward Opening Entrance Door,VMRS_HB_COMPLETE_v20 page 10_pages_1-6.md
174-011-007,,174,011,"Hardware, Mounting - Outward OpeningEntrance Door Cylinder",VMRS_HB_COMPLETE_v20 page 10_pages_1-6.md
174-011-053,,174,011,Vandal Lock CableBracket - Outward Opening Entrance Door,VMRS_HB_COMPLETE_v20 page 10_pages_1-6.md
174-011-008,,174,011,Linkage - Outward Opening Entrance Door,VMRS_HB_COMPLETE_v20 page 10_pages_1-6.md
174-011-009,,174,011,"Hardware, Mounting - Outward OpeningEntrance Door Linkage",VMRS_HB_COMPLETE_v20 page 10_pages_1-6.md
174-011-054,,174,011,Clamp - Outward Opening Entrance Door VandalLock Cable,VMRS_HB_COMPLETE_v20 page 10_pages_1-6.md
174-011-010,,174,011,"Valve, Control - Outward Opening Entrance Door",VMRS_HB_COMPLETE_v20 page 10_pages_1-6.md
174-011-055,,174,011,Pivot Arm - Outward Opening Entrance Door,VMRS_HB_COMPLETE_v20 page 10_pages_1-6.md
174-011-011,,174,011,Entrance Door Control,VMRS_HB_COMPLETE_v20 page 10_pages_1-6.md
174-011-056,,174,011,Cable - Outward Opening Entrance Door Vandal,VMRS_HB_COMPLETE_v20 page 10_pages_1-6.md
174-011-012,,174,011,"Pad, Safety - Outward Opening Entrance Door",VMRS_HB_COMPLETE_v20 page 10_pages_1-6.md
174-011-013,,174,011,"Hardware, Mounting - Outward OpeningEntrance Door Safety Pad",VMRS_HB_COMPLETE_v20 page 10_pages_1-6.md
174-011-057,,174,011,Cable - Release - Outward Opening EntranceDoor Actuator,VMRS_HB_COMPLETE_v20 page 10_pages_1-6.md
174-011-014,,174,011,"Guard, Safety - Outward Opening Entrance DoorHardware, Mounting - Outward Opening",VMRS_HB_COMPLETE_v20 page 10_pages_1-6.md
174-011-058,,174,011,"Base - Mounting, Outward Opening EntranceDoor Cylinder",VMRS_HB_COMPLETE_v20 page 10_pages_1-6.md
174-011-016,,174,011,Entrance Door Safety Guard,VMRS_HB_COMPLETE_v20 page 10_pages_1-6.md
174-011-059,,174,011,Mounting Bracket - Outward Opening Entrance,VMRS_HB_COMPLETE_v20 page 10_pages_1-6.md
174-011-060,,174,011,Bubbar Cushion Outward Opening Entrance,VMRS_HB_COMPLETE_v20 page 10_pages_1-6.md
174-011-017,,174,011,Seal - Outward Opening Entrance Door Glass,VMRS_HB_COMPLETE_v20 page 10_pages_1-6.md
174-011-018,,174,011,Mounting Bracket - Outward Opening Entrance,VMRS_HB_COMPLETE_v20 page 10_pages_1-6.md
174-011-061,,174,011,Control Module - Outward Opening Entrance,VMRS_HB_COMPLETE_v20 page 10_pages_1-6.md
174-011-020,,174,011,"Door MotorHardware, Mounting - Outward Opening",VMRS_HB_COMPLETE_v20 page 10_pages_1-6.md
174-011-062,,174,011,DoorHandle - Outward Opening Entrance Door,VMRS_HB_COMPLETE_v20 page 10_pages_1-6.md
174-011-021,,174,011,"Entrance Door MotorSwitch, Operating - Outward Opening Entrance",VMRS_HB_COMPLETE_v20 page 10_pages_1-6.md
174-011-063,,174,011,Actuator Release CableBracket - Outward Opening Entrance Door,VMRS_HB_COMPLETE_v20 page 10_pages_1-6.md
174-011-022,,174,011,"Handle, Emergency Release - Outward OpeningEntrance Door",VMRS_HB_COMPLETE_v20 page 10_pages_1-6.md
174-011-064,,174,011,Wiring Harness - Outward Opening EntranceDoor,VMRS_HB_COMPLETE_v20 page 10_pages_1-6.md
174-011-023,,174,011,"Handle, Operating - Outward Opening EntranceDoor",VMRS_HB_COMPLETE_v20 page 10_pages_1-6.md
174-011-065,,174,011,"Rod - Stabilizer, Outward Opening EntranceDoor",VMRS_HB_COMPLETE_v20 page 10_pages_1-6.md
174-011-024,,174,011,"Wiring, Harness - Outward Opening EntranceDoor Motor",VMRS_HB_COMPLETE_v20 page 10_pages_1-6.md
174-011-066,,174,011,"Rod - Slider, Outward Opening Entrance DoorRelease Assembly",VMRS_HB_COMPLETE_v20 page 10_pages_1-6.md
174-011-025,,174,011,Line - Air - Outward Opening Entrance Door,VMRS_HB_COMPLETE_v20 page 10_pages_1-6.md
174-011-067,,174,011,"Tube, Slider - Outward Opening Entrance Door",VMRS_HB_COMPLETE_v20 page 10_pages_1-6.md
174-011-026,,174,011,Fitting - Air Line - Outward Opening Entrance,VMRS_HB_COMPLETE_v20 page 10_pages_1-6.md
174-011-068,,174,011,Guard - Outward Opening Entrance Door,VMRS_HB_COMPLETE_v20 page 10_pages_1-6.md
174-011-027,,174,011,Control Door - Outward Opening Entrance Door,VMRS_HB_COMPLETE_v20 page 10_pages_1-6.md
174-011-028,,174,011,"Glass - Door, Front Or Entrance, OutwardOpening Entrance Door",VMRS_HB_COMPLETE_v20 page 10_pages_1-6.md
174-011-069,,174,011,Mounting Bracket - Outward Opening EntranceDoor Seal,VMRS_HB_COMPLETE_v20 page 10_pages_1-6.md
174-011-029,,174,011,"Glass - Door, Jack Knife, Bus Body, OutwardOpening Entrance Door",VMRS_HB_COMPLETE_v20 page 10_pages_1-6.md
174-011-070,,174,011,Mounting Bracket - Outward Opening EntranceDoor Latch,VMRS_HB_COMPLETE_v20 page 10_pages_1-6.md
174-011-030,,174,011,"Panel - Interior, Outward Opening Entrance Door",VMRS_HB_COMPLETE_v20 page 10_pages_1-6.md
174-011-071,,174,011,"Cable - Control, Outward Opening Entrance",VMRS_HB_COMPLETE_v20 page 10_pages_1-6.md
174-011-031,,174,011,"Panel - Exterior, Outward Opening Entrance",VMRS_HB_COMPLETE_v20 page 10_pages_1-6.md
174-011-072,,174,011,Door Release Actuator,VMRS_HB_COMPLETE_v20 page 10_pages_1-6.md
174-011-032,,174,011,"Panel - Trim, Outward Opening Entrance Door",VMRS_HB_COMPLETE_v20 page 10_pages_1-6.md
174-011-033,,174,011,"Tray - Assembly, Outward Opening Entrance",VMRS_HB_COMPLETE_v20 page 10_pages_1-6.md
174-011-073,,174,011,"Gasket - Mounting, Outward Opening Entrance",VMRS_HB_COMPLETE_v20 page 10_pages_1-6.md
174-011-034,,174,011,Bracket - Outward Opening Entrance Door,VMRS_HB_COMPLETE_v20 page 10_pages_1-6.md
174-011-074,,174,011,"Gasket - Mounting, Outward Opening Entrance",VMRS_HB_COMPLETE_v20 page 10_pages_1-6.md
174-011-035,,174,011,Salety GuardStriker - Outward Opening Entrance Door,VMRS_HB_COMPLETE_v20 page 10_pages_1-6.md
174-011-075,,174,011,DOOF VARIAAL LOCKSwitch - Pressure Outward Opening Entrance,VMRS_HB_COMPLETE_v20 page 10_pages_1-6.md
174-011-037,,174,011,Release Assembly - Outward Opening Entrance,VMRS_HB_COMPLETE_v20 page 10_pages_1-6.md
174-011-076,,174,011,"Bushing - Door Pivot, Outward Opening",VMRS_HB_COMPLETE_v20 page 10_pages_1-6.md
174-011-038,,174,011,Bracket - Outward Opening Entrance Door,VMRS_HB_COMPLETE_v20 page 10_pages_1-6.md
174-011-077,,174,011,"Spring - Door Handle, Outward Opening",VMRS_HB_COMPLETE_v20 page 10_pages_1-6.md
174-011-039,,174,011,Actuator - Outward Opening Entrence Door,VMRS_HB_COMPLETE_v20 page 10_pages_1-6.md
174-011-040,,174,011,Sill Outward Opening Entrance Door,VMRS_HB_COMPLETE_v20 page 10_pages_1-6.md
174-011-041,,174,011,Sill - Outward Opening Entrance Door,VMRS_HB_COMPLETE_v20 page 10_pages_1-6.md
174-011-079,,174,011,Vent - Outward Opening Entrance Door,VMRS_HB_COMPLETE_v20 page 10_pages_1-6.md
174-011-042,,174,011,Mounting Bracket - Outward Opening Entrance,VMRS_HB_COMPLETE_v20 page 10_pages_1-6.md
174-011-080,,174,011,Filter- Air Line - Outward Opening Entrance Door,VMRS_HB_COMPLETE_v20 page 10_pages_1-6.md
174-011-081,,174,011,Filter - Outward Opening Entrance Door,VMRS_HB_COMPLETE_v20 page 10_pages_1-6.md
174-011-043,,174,011,Mounting Bracket - Outward Opening Entrance,VMRS_HB_COMPLETE_v20 page 10_pages_1-6.md
174-011-082,,174,011,"Bracket - Filter, Outward Opening Entrance Door",VMRS_HB_COMPLETE_v20 page 10_pages_1-6.md
,011-083,011,083,"Haroware ,Mounting - Outward Opening",VMRS_HB_COMPLETE_v20 page 10_pages_1-6.md
,011-044,011,044,"Regulator - Air, Outward Opening Entrance Door",VMRS_HB_COMPLETE_v20 page 10_pages_1-6.md
174-011-045,,174,011,"Latcn - Satety, Outward Opening Entrance Door",VMRS_HB_COMPLETE_v20 page 10_pages_1-6.md
174-011-084,,174,011,Door Sweep - Outward Opening Entrance Door,VMRS_HB_COMPLETE_v20 page 10_pages_1-6.md
174-011-046,,174,011,Mounting Bracket - Outward Opening Entrance,VMRS_HB_COMPLETE_v20 page 10_pages_1-6.md
174-011-085,,174,011,"Cover - Yoke, Outward Opening Entrance Door",VMRS_HB_COMPLETE_v20 page 10_pages_1-6.md
174-011-047,,174,011,Door Air Regulator,VMRS_HB_COMPLETE_v20 page 10_pages_1-6.md
174-011-086,,174,011,"Cable - Vandal Lock, Outward Opening Entrance",VMRS_HB_COMPLETE_v20 page 10_pages_1-6.md
174-011-087,,174,011,"Guard - Linkage, Outward Opening Entrance",VMRS_HB_COMPLETE_v20 page 10_pages_1-6.md
174-012-038,,174,012,,VMRS_HB_COMPLETE_v20 page 10_pages_1-6.md
174-012-039,,174,012,,VMRS_HB_COMPLETE_v20 page 10_pages_1-6.md
174-011-088,,174,011,"Lock - Door, Outward Opening Entrance Door",VMRS_HB_COMPLETE_v20 page 10_pages_1-6.md
174-012-040,,174,012,,VMRS_HB_COMPLETE_v20 page 10_pages_1-6.md
174-011-089,,174,011,"Pin - Door Latch, Outward Opening Entrance",VMRS_HB_COMPLETE_v20 page 10_pages_1-6.md
174-012-041,,174,012,,VMRS_HB_COMPLETE_v20 page 10_pages_1-6.md
174-011-090,,174,011,Pin - Hinge Outward Opening Entrance Door,VMRS_HB_COMPLETE_v20 page 10_pages_1-6.md
174-012-042,,174,012,,VMRS_HB_COMPLETE_v20 page 10_pages_1-6.md
174-012-043,,174,012,,VMRS_HB_COMPLETE_v20 page 10_pages_1-6.md
174-012-044,,174,012,,VMRS_HB_COMPLETE_v20 page 10_pages_1-6.md
174-011-092,,174,011,"Pin - Pivol, Outward Opening Entrance Door",VMRS_HB_COMPLETE_v20 page 10_pages_1-6.md
174-012-045,,174,012,,VMRS_HB_COMPLETE_v20 page 10_pages_1-6.md
174-011-093,,174,011,"Pivot - Door Control, Outward Opening Entrance",VMRS_HB_COMPLETE_v20 page 10_pages_1-6.md
174-012-046,,174,012,,VMRS_HB_COMPLETE_v20 page 10_pages_1-6.md
174-013-000,,174,013,,VMRS_HB_COMPLETE_v20 page 10_pages_1-6.md
174-011-094,,174,011,"Stop - Door Control, Outward Opening Entrance",VMRS_HB_COMPLETE_v20 page 10_pages_1-6.md
174-013-001,,174,013,,VMRS_HB_COMPLETE_v20 page 10_pages_1-6.md
174-013-002,,174,013,,VMRS_HB_COMPLETE_v20 page 10_pages_1-6.md
174-011-095,,174,011,"Yoke - Linkage, Door Control, Outward Opening",VMRS_HB_COMPLETE_v20 page 10_pages_1-6.md
174-013-003,,174,013,,VMRS_HB_COMPLETE_v20 page 10_pages_1-6.md
174-013-004,,174,013,,VMRS_HB_COMPLETE_v20 page 10_pages_1-6.md
174-011-096,,174,011,"Bracket - Support, Entrance Door Glass",VMRS_HB_COMPLETE_v20 page 10_pages_1-6.md
174-013-005,,174,013,,VMRS_HB_COMPLETE_v20 page 10_pages_1-6.md
174-011-097,,174,011,"Seal - Support, Entrance Door Glass",VMRS_HB_COMPLETE_v20 page 10_pages_1-6.md
174-012-000,,174,012,Bus Side Emergency Door Components,VMRS_HB_COMPLETE_v20 page 10_pages_1-6.md
174-013-006,,174,013,,VMRS_HB_COMPLETE_v20 page 10_pages_1-6.md
174-012-001,,174,012,"Door - Side Emergency, Complete Assembly",VMRS_HB_COMPLETE_v20 page 10_pages_1-6.md
174-013-007,,174,013,,VMRS_HB_COMPLETE_v20 page 10_pages_1-6.md
174-012-002,,174,012,Frame - Side Emergency Door,VMRS_HB_COMPLETE_v20 page 10_pages_1-6.md
174-012-003,,174,012,Seal - Side Emergency Door,VMRS_HB_COMPLETE_v20 page 10_pages_1-6.md
174-013-008,,174,013,,VMRS_HB_COMPLETE_v20 page 10_pages_1-6.md
174-012-004,,174,012,Hinge - Side Emergency Door,VMRS_HB_COMPLETE_v20 page 10_pages_1-6.md
174-013-009,,174,013,,VMRS_HB_COMPLETE_v20 page 10_pages_1-6.md
174-012-005,,174,012,"Hardware, Mounting - Side Emergency 2001",VMRS_HB_COMPLETE_v20 page 10_pages_1-6.md
174-012-010,,174,012,,VMRS_HB_COMPLETE_v20 page 10_pages_1-6.md
174-013-010,,174,013,,VMRS_HB_COMPLETE_v20 page 10_pages_1-6.md
174-013-011,,174,013,,VMRS_HB_COMPLETE_v20 page 10_pages_1-6.md
174-012-007,,174,012,"Hardware, Mounting - Side Emergency Door",VMRS_HB_COMPLETE_v20 page 10_pages_1-6.md
174-013-012,,174,013,,VMRS_HB_COMPLETE_v20 page 10_pages_1-6.md
174-012-008,,174,012,Control - Side Emergency Door,VMRS_HB_COMPLETE_v20 page 10_pages_1-6.md
174-013-013,,174,013,,VMRS_HB_COMPLETE_v20 page 10_pages_1-6.md
174-012-009,,174,012,"Hardware, Mounting - Side Emergency Door",VMRS_HB_COMPLETE_v20 page 10_pages_1-6.md
174-013-014,,174,013,,VMRS_HB_COMPLETE_v20 page 10_pages_1-6.md
174-013-015,,174,013,,VMRS_HB_COMPLETE_v20 page 10_pages_1-6.md
174-012-011,,174,012,"Hardware, Mounting - Side Emergency Door",VMRS_HB_COMPLETE_v20 page 10_pages_1-6.md
174-013-016,,174,013,,VMRS_HB_COMPLETE_v20 page 10_pages_1-6.md
174-012-012,,174,012,Lock - Side Emergency Door,VMRS_HB_COMPLETE_v20 page 10_pages_1-6.md
174-012-013,,174,012,"Hardware, Mounting - Side Emergency Door",VMRS_HB_COMPLETE_v20 page 10_pages_1-6.md
174-013-017,,174,013,,VMRS_HB_COMPLETE_v20 page 10_pages_1-6.md
174-012-014,,174,012,Pron. Safety - Side Emergency Door,VMRS_HB_COMPLETE_v20 page 10_pages_1-6.md
174-013-018,,174,013,,VMRS_HB_COMPLETE_v20 page 10_pages_1-6.md
174-012-015,,174,012,Hardware Mounting - Side Emergency Door,VMRS_HB_COMPLETE_v20 page 10_pages_1-6.md
174-013-019,,174,013,,VMRS_HB_COMPLETE_v20 page 10_pages_1-6.md
174-013-020,,174,013,,VMRS_HB_COMPLETE_v20 page 10_pages_1-6.md
174-013-021,,174,013,,VMRS_HB_COMPLETE_v20 page 10_pages_1-6.md
174-013-022,,174,013,,VMRS_HB_COMPLETE_v20 page 10_pages_1-6.md
174-012-017,,174,012,"Hardware, Mounting - Side Emergency Door",VMRS_HB_COMPLETE_v20 page 10_pages_1-6.md
174-013-023,,174,013,,VMRS_HB_COMPLETE_v20 page 10_pages_1-6.md
174-012-018,,174,012,Seal - Side Emergency Door Glass,VMRS_HB_COMPLETE_v20 page 10_pages_1-6.md
174-012-019,,174,012,Glass - Side Emergency Door,VMRS_HB_COMPLETE_v20 page 10_pages_1-6.md
174-013-024,,174,013,,VMRS_HB_COMPLETE_v20 page 10_pages_1-6.md
174-012-020,,174,012,"Panel - Exterior, Side Emergency Door",VMRS_HB_COMPLETE_v20 page 10_pages_1-6.md
174-013-025,,174,013,,VMRS_HB_COMPLETE_v20 page 10_pages_1-6.md
174-012-021,,174,012,Latch - Side Emergency Door,VMRS_HB_COMPLETE_v20 page 10_pages_1-6.md
174-013-026,,174,013,,VMRS_HB_COMPLETE_v20 page 10_pages_1-6.md
174-012-022,,174,012,"Hardware, Mounting - Side Emergency Door",VMRS_HB_COMPLETE_v20 page 10_pages_1-6.md
174-013-027,,174,013,,VMRS_HB_COMPLETE_v20 page 10_pages_1-6.md
174-013-028,,174,013,,VMRS_HB_COMPLETE_v20 page 10_pages_1-6.md
174-012-023,,174,012,"Panel - Trim, Side Emergency Door",VMRS_HB_COMPLETE_v20 page 10_pages_1-6.md
174-013-029,,174,013,,VMRS_HB_COMPLETE_v20 page 10_pages_1-6.md
174-012-024,,174,012,"Pad - Safety, Side Emergency Door",VMRS_HB_COMPLETE_v20 page 10_pages_1-6.md
174-013-030,,174,013,,VMRS_HB_COMPLETE_v20 page 10_pages_1-6.md
174-012-025,,174,012,"Panel - Interior, Side Emergency Door",VMRS_HB_COMPLETE_v20 page 10_pages_1-6.md
174-012-026,,174,012,"Handle - Door Release, Interior Side Emergency",VMRS_HB_COMPLETE_v20 page 10_pages_1-6.md
174-013-031,,174,013,,VMRS_HB_COMPLETE_v20 page 10_pages_1-6.md
,012-020,012,020,Door,VMRS_HB_COMPLETE_v20 page 10_pages_1-6.md
174-013-032,,174,013,,VMRS_HB_COMPLETE_v20 page 10_pages_1-6.md
,012-027,012,027,"Handle - Door Belease, Exterior Side Emergency",VMRS_HB_COMPLETE_v20 page 10_pages_1-6.md
174-012-027,,174,012,Deer,VMRS_HB_COMPLETE_v20 page 10_pages_1-6.md
174-012-028,,174,012,"Panel - Exterior, Side Emergency Door",VMRS_HB_COMPLETE_v20 page 10_pages_1-6.md
174-013-034,,174,013,,VMRS_HB_COMPLETE_v20 page 10_pages_1-6.md
174-012-029,,174,012,Door Sill - Side Emergency Door,VMRS_HB_COMPLETE_v20 page 10_pages_1-6.md
174-013-035,,174,013,,VMRS_HB_COMPLETE_v20 page 10_pages_1-6.md
174-012-030,,174,012,"Cover - Safety Prop, Side Emergency Door",VMRS_HB_COMPLETE_v20 page 10_pages_1-6.md
174-013-036,,174,013,,VMRS_HB_COMPLETE_v20 page 10_pages_1-6.md
174-012-031,,174,012,"Plate - Reinforcement, Side Emergency Door",VMRS_HB_COMPLETE_v20 page 10_pages_1-6.md
174-013-037,,174,013,,VMRS_HB_COMPLETE_v20 page 10_pages_1-6.md
174-013-038,,174,013,,VMRS_HB_COMPLETE_v20 page 10_pages_1-6.md
174-012-032,,174,012,Support Bracket - Side Emergency Door Safety,VMRS_HB_COMPLETE_v20 page 10_pages_1-6.md
174-013-039,,174,013,,VMRS_HB_COMPLETE_v20 page 10_pages_1-6.md
174-012-033,,174,012,Mounting Bracket - Side Emergency Door Lamp,VMRS_HB_COMPLETE_v20 page 10_pages_1-6.md
174-013-040,,174,013,,VMRS_HB_COMPLETE_v20 page 10_pages_1-6.md
174-013-041,,174,013,,VMRS_HB_COMPLETE_v20 page 10_pages_1-6.md
174-012-034,,174,012,Striker - Side Emergency Door,VMRS_HB_COMPLETE_v20 page 10_pages_1-6.md
174-013-042,,174,013,,VMRS_HB_COMPLETE_v20 page 10_pages_1-6.md
174-012-035,,174,012,"Hardware, Mounting - Side Emergency Door",VMRS_HB_COMPLETE_v20 page 10_pages_1-6.md
174-013-043,,174,013,,VMRS_HB_COMPLETE_v20 page 10_pages_1-6.md
174-013-044,,174,013,,VMRS_HB_COMPLETE_v20 page 10_pages_1-6.md
174-012-036,,174,012,Bracket - Side Emergency Door Emergency,VMRS_HB_COMPLETE_v20 page 10_pages_1-6.md
174-013-045,,174,013,,VMRS_HB_COMPLETE_v20 page 10_pages_1-6.md
174-013-046,,174,013,,VMRS_HB_COMPLETE_v20 page 10_pages_1-6.md
174-012-037,,174,012,Cover - Side Emergency Door Latch,VMRS_HB_COMPLETE_v20 page 10_pages_1-6.md
174-013-047,,174,013,,VMRS_HB_COMPLETE_v20 page 10_pages_1-6.md
,012-001,012,001,Sever - Olde Emergency Door Ealon,VMRS_HB_COMPLETE_v20 page 10_pages_1-6.md
,010-047,010,047,,VMRS_HB_COMPLETE_v20 page 10_pages_1-6.md
174-013-033,,174,013,Stop - Rear Emergency Door Release Handle,VMRS_HB_COMPLETE_v20 page 10_pages_1-6.md
,010-000,010,000,Brackat Switch Emorganou Daars Daar Old-,VMRS_HB_COMPLETE_v20 page 10_pages_1-6.md
,013-044,013,044,"Cable - Release, Rear Emergency Door",VMRS_HB_COMPLETE_v20 page 10_pages_1-6.md
174-014-000,,174,014,Bus Wheelchair Access Door Components,VMRS_HB_COMPLETE_v20 page 10_pages_1-6.md
174-016-001,,174,016,"Vent, Powered - Bus Roof, Complete Assembly",VMRS_HB_COMPLETE_v20 page 10_pages_1-6.md
174-014-001,,174,014,"Door, Single - Wheelchair Lift, Complete",VMRS_HB_COMPLETE_v20 page 10_pages_1-6.md
174-016-002,,174,016,"Hardware, Mounting - Bus Roof Vent",VMRS_HB_COMPLETE_v20 page 10_pages_1-6.md
174-016-003,,174,016,Door - Bus Roof Vent,VMRS_HB_COMPLETE_v20 page 10_pages_1-6.md
174-014-002,,174,014,"Door, Double - Wheelchair Lift, Complete",VMRS_HB_COMPLETE_v20 page 10_pages_1-6.md
174-016-004,,174,016,"Seal, Door, Bus Roof Vent",VMRS_HB_COMPLETE_v20 page 10_pages_1-6.md
174-016-005,,174,016,Hinge - Bus Roof Vent,VMRS_HB_COMPLETE_v20 page 10_pages_1-6.md
174-014-003,,174,014,Frame - Wheelchair Lift Single Door,VMRS_HB_COMPLETE_v20 page 10_pages_1-6.md
174-016-006,,174,016,"Hardware, Mounting - Bus Roof Vent Door Hinge",VMRS_HB_COMPLETE_v20 page 10_pages_1-6.md
174-014-004,,174,014,Frame - Wheelchair Lift Double Door,VMRS_HB_COMPLETE_v20 page 10_pages_1-6.md
174-016-007,,174,016,Latch - Bus Roof Vent,VMRS_HB_COMPLETE_v20 page 10_pages_1-6.md
174-014-005,,174,014,Seal - Wheelchair Lift Single Door,VMRS_HB_COMPLETE_v20 page 10_pages_1-6.md
174-016-008,,174,016,"Hardware, Mounting - Bus Root Vent Latch",VMRS_HB_COMPLETE_v20 page 10_pages_1-6.md
174-016-009,,174,016,"Wiring Harnoss, Bus Poof Vont",VMRS_HB_COMPLETE_v20 page 10_pages_1-6.md
174-014-007,,174,014,Hardware Mounting - Wheelchair Lift Door,VMRS_HB_COMPLETE_v20 page 10_pages_1-6.md
174-016-010,,174,016,Fan - Bus Boof Vent,VMRS_HB_COMPLETE_v20 page 10_pages_1-6.md
174-016-012,,174,016,"Motor, Fan - Bus Roof Vent",VMRS_HB_COMPLETE_v20 page 10_pages_1-6.md
174-014-009,,174,014,Latch - Wheelchair Lift Single Door,VMRS_HB_COMPLETE_v20 page 10_pages_1-6.md
174-016-013,,174,016,Mounting Bracket - Bus Roof Vent Fan Motor,VMRS_HB_COMPLETE_v20 page 10_pages_1-6.md
174-014-010,,174,014,"Hardware, Mounting - Wheelchair Lift Door Latch",VMRS_HB_COMPLETE_v20 page 10_pages_1-6.md
174-016-014,,174,016,"Hardware, Mounting - Bus Roof Vent Fan Motor",VMRS_HB_COMPLETE_v20 page 10_pages_1-6.md
174-014-011,,174,014,Lock - Wheelchair Lift Door,VMRS_HB_COMPLETE_v20 page 10_pages_1-6.md
174-014-012,,174,014,"Hardware, Mounting - Wheelchair Lift Door Lock",VMRS_HB_COMPLETE_v20 page 10_pages_1-6.md
174-016-015,,174,016,Louver - Bus Roof Vent,VMRS_HB_COMPLETE_v20 page 10_pages_1-6.md
174-014-013,,174,014,"Prop, Safety - Wheelchair Lift Door",VMRS_HB_COMPLETE_v20 page 10_pages_1-6.md
174-016-016,,174,016,"Hardware, Mounting - Bus Roof Vent Louver",VMRS_HB_COMPLETE_v20 page 10_pages_1-6.md
174-014-014,,174,014,"Hardware, Mounting - Wheelchair Lift Door",VMRS_HB_COMPLETE_v20 page 10_pages_1-6.md
174-017-000,,174,017,School Bus Stop Arm Components,VMRS_HB_COMPLETE_v20 page 10_pages_1-6.md
174-014-015,,174,014,Salety PropGlass Wheelehair Lift Deer,VMRS_HB_COMPLETE_v20 page 10_pages_1-6.md
174-017-001,,174,017,"Stop Arm - Electrical, Complete Assembly,",VMRS_HB_COMPLETE_v20 page 10_pages_1-6.md
,017-002,017,002,"School BusHardware, Mounting - School Bus Stop Arm",VMRS_HB_COMPLETE_v20 page 10_pages_1-6.md
174-014-017,,174,014,Hinge - Wheelchair Lift Double Door,VMRS_HB_COMPLETE_v20 page 10_pages_1-6.md
174-017-002,,174,017,Assembly,VMRS_HB_COMPLETE_v20 page 10_pages_1-6.md
174-014-018,,174,014,Latch - Wheelchair Lift Double Door,VMRS_HB_COMPLETE_v20 page 10_pages_1-6.md
174-017-003,,174,017,Module - School Bus Stop Arm,VMRS_HB_COMPLETE_v20 page 10_pages_1-6.md
174-014-019,,174,014,Interlock - Wheelchair Lift Door,VMRS_HB_COMPLETE_v20 page 10_pages_1-6.md
174-017-004,,174,017,Wiring Harness - School Bus Stop Arm,VMRS_HB_COMPLETE_v20 page 10_pages_1-6.md
174-014-020,,174,014,"Panel - Interior, Wheelchair Lift Door",VMRS_HB_COMPLETE_v20 page 10_pages_1-6.md
174-017-005,,174,017,Lamp - School Bus Stop Arm,VMRS_HB_COMPLETE_v20 page 10_pages_1-6.md
174-014-021,,174,014,"Panel - Exterior, Wheelchair Lift Door",VMRS_HB_COMPLETE_v20 page 10_pages_1-6.md
174-017-006,,174,017,"Hardware, Mounting - School Bus Stop Arm",VMRS_HB_COMPLETE_v20 page 10_pages_1-6.md
174-014-022,,174,014,Actuator - Wheelchair Lift Platform,VMRS_HB_COMPLETE_v20 page 10_pages_1-6.md
174-014-023,,174,014,"Pad - Safety, Wheelchair Lift Door",VMRS_HB_COMPLETE_v20 page 10_pages_1-6.md
174-017-007,,174,017,"Stop Arm - Air, Complete Assembly, School Bus",VMRS_HB_COMPLETE_v20 page 10_pages_1-6.md
174-014-024,,174,014,"Panel - Trim, Wheelchair Lift Door",VMRS_HB_COMPLETE_v20 page 10_pages_1-6.md
174-017-008,,174,017,Valve - School Bus Stop Arm Assembly,VMRS_HB_COMPLETE_v20 page 10_pages_1-6.md
174-014-025,,174,014,"Regulator - Air, Wheelchair Lift",VMRS_HB_COMPLETE_v20 page 10_pages_1-6.md
174-017-009,,174,017,Switch - School Bus Stop Arm Assembly,VMRS_HB_COMPLETE_v20 page 10_pages_1-6.md
174-017-010,,174,017,Mounting Bracket -School Bus Stop Arm,VMRS_HB_COMPLETE_v20 page 10_pages_1-6.md
174-014-027,,174,014,Strut - Wheelchair Lift Door,VMRS_HB_COMPLETE_v20 page 10_pages_1-6.md
174-017-011,,174,017,Ninnle - School Bus Ston Arm Assembly,VMRS_HB_COMPLETE_v20 page 10_pages_1-6.md
174-014-029,,174,014,Ball Stud Mount - Wheelchair Lift Door Strut,VMRS_HB_COMPLETE_v20 page 10_pages_1-6.md
174-017-012,,174,017,"Connector - Male, School Bus Stop Arm",VMRS_HB_COMPLETE_v20 page 10_pages_1-6.md
174-014-030,,174,014,Mounting Bracket - Wheelchair Lift Door Strut,VMRS_HB_COMPLETE_v20 page 10_pages_1-6.md
174-014-031,,174,014,Spacer - Wheelchair Lift Door Hinge,VMRS_HB_COMPLETE_v20 page 10_pages_1-6.md
174-017-013,,174,017,"Fitting - Tee, School Bus Stop Arm Assembly",VMRS_HB_COMPLETE_v20 page 10_pages_1-6.md
174-014-032,,174,014,Handle - Wheelchair Lift Door,VMRS_HB_COMPLETE_v20 page 10_pages_1-6.md
174-017-014,,174,017,"Fitting - Elbow, School Bus Stop Arm Assembly",VMRS_HB_COMPLETE_v20 page 10_pages_1-6.md
174-014-033,,174,014,Mounting Bracket - Wheelchair Lift Switch,VMRS_HB_COMPLETE_v20 page 10_pages_1-6.md
174-017-015,,174,017,Pressure Protection Valve - School Bus Stop,VMRS_HB_COMPLETE_v20 page 10_pages_1-6.md
174-014-034,,174,014,"Spacer - Door Latch, Wheelchair Lift",VMRS_HB_COMPLETE_v20 page 10_pages_1-6.md
171-017-010,,171,017,Arm Assembly,VMRS_HB_COMPLETE_v20 page 10_pages_1-6.md
174-014-035,,174,014,Busning - Wheelchair Lift,VMRS_HB_COMPLETE_v20 page 10_pages_1-6.md
174-017-017,,174,017,Belay - School Rus Electric Stop Arm Assembly,VMRS_HB_COMPLETE_v20 page 10_pages_1-6.md
174-017-019,,174,017,Bearing - Inner School Bus Stop Arm Assembly,VMRS_HB_COMPLETE_v20 page 10_pages_1-6.md
174-015-001,,174,015,Hatch - Roof Emergency Escape,VMRS_HB_COMPLETE_v20 page 10_pages_1-6.md
174-017-020,,174,017,"Bearing - Outer, School Bus Stop Arm Assembly",VMRS_HB_COMPLETE_v20 page 10_pages_1-6.md
174-015-002,,174,015,Seal - Roof Emergency Escape Hatch,VMRS_HB_COMPLETE_v20 page 10_pages_1-6.md
174-017-021,,174,017,Bushing - School Bus Stop Arm Assembly,VMRS_HB_COMPLETE_v20 page 10_pages_1-6.md
174-015-003,,174,015,Latch - Roof Emergency Escape Hatch,VMRS_HB_COMPLETE_v20 page 10_pages_1-6.md
174-017-022,,174,017,Hinge - School Bus Stop Arm Assembly,VMRS_HB_COMPLETE_v20 page 10_pages_1-6.md
174-015-004,,174,015,"Hardware, Mounting - Roof Emergency Escape",VMRS_HB_COMPLETE_v20 page 10_pages_1-6.md
174-017-023,,174,017,Pin - School Bus Stop Arm Hinge,VMRS_HB_COMPLETE_v20 page 10_pages_1-6.md
174-017-024,,174,017,Clutch - School Bus Stop Arm Assembly,VMRS_HB_COMPLETE_v20 page 10_pages_1-6.md
174-015-005,,174,015,Knob - Roof Emergency Escape Hatch,VMRS_HB_COMPLETE_v20 page 10_pages_1-6.md
174-017-025,,174,017,Base - School Bus Stop Arm Assembly,VMRS_HB_COMPLETE_v20 page 10_pages_1-6.md
174-015-006,,174,015,"Hardware, Mounting - Root Emergency Escape",VMRS_HB_COMPLETE_v20 page 10_pages_1-6.md
174-017-026,,174,017,Paddle - School Bus Stop Arm Assembly,VMRS_HB_COMPLETE_v20 page 10_pages_1-6.md
174-015-007,,174,015,Trim Ding Interior Deef Emergency Escano,VMRS_HB_COMPLETE_v20 page 10_pages_1-6.md
174-017-027,,174,017,Stop Sign - School Bus Stop Arm AssemblyBracket Hingo Mounting School Bus Stop Arm,VMRS_HB_COMPLETE_v20 page 10_pages_1-6.md
174-015-008,,174,015,Handle - Roof Emergency Escape Hatch,VMRS_HB_COMPLETE_v20 page 10_pages_1-6.md
174-017-029,,174,017,Cam - School Bus Stop Arm Assembly,VMRS_HB_COMPLETE_v20 page 10_pages_1-6.md
174-015-009,,174,015,Striker - Roof Emergency Escape Hatch,VMRS_HB_COMPLETE_v20 page 10_pages_1-6.md
174-017-030,,174,017,Return Spring - School Bus Stop Arm Assembly,VMRS_HB_COMPLETE_v20 page 10_pages_1-6.md
174-015-010,,174,015,Cam - Roof Emergency Escape Hatch,VMRS_HB_COMPLETE_v20 page 10_pages_1-6.md
174-017-031,,174,017,Diaphragm - School Bus Stop Arm Assembly,VMRS_HB_COMPLETE_v20 page 10_pages_1-6.md
174-015-011,,174,015,Cover - Roof Emergency Escape Hatch Switch,VMRS_HB_COMPLETE_v20 page 10_pages_1-6.md
174-017-032,,174,017,Heater - School Bus Stop Arm Assembly,VMRS_HB_COMPLETE_v20 page 10_pages_1-6.md
174-015-012,,174,015,Glass - Roof Emergency Escape Hatch,VMRS_HB_COMPLETE_v20 page 10_pages_1-6.md
174-017-033,,174,017,Wind Guard - School Bus Stop Arm Assembly,VMRS_HB_COMPLETE_v20 page 10_pages_1-6.md
174-015-013,,174,015,"Rod - Lock, Roof Emergency Escape Hatch",VMRS_HB_COMPLETE_v20 page 10_pages_1-6.md
174-017-034,,174,017,Chime - School Bus Stop Arm Assembly,VMRS_HB_COMPLETE_v20 page 10_pages_1-6.md
174-015-014,,174,015,Shield - Roof Emergency Escape Hatch Release,VMRS_HB_COMPLETE_v20 page 10_pages_1-6.md
174-017-035,,174,017,"Latch - Stop Paddle, School Bus Stop Arm",VMRS_HB_COMPLETE_v20 page 10_pages_1-6.md
174-015-015,,174,015,Release Assembly - Root Emergency Escape,VMRS_HB_COMPLETE_v20 page 10_pages_1-6.md
174-015-016,,174,015,Hinge - Boof Emergency Escape Hatch,VMRS_HB_COMPLETE_v20 page 10_pages_1-6.md
174-017-037,,174,017,Air Compressor - School Rus Stop Arm,VMRS_HB_COMPLETE_v20 page 10_pages_1-6.md
174-015-017,,174,015,Spring - Roof Emergency Escape Hatch,VMRS_HB_COMPLETE_v20 page 10_pages_1-6.md
,017-000,017,000,Assembly,VMRS_HB_COMPLETE_v20 page 10_pages_1-6.md
174-015-018,,174,015,Reinforcement - Roof Emergency Escape Hatch,VMRS_HB_COMPLETE_v20 page 10_pages_1-6.md
174-017-039,,174,017,"Pulley - Cable, School Bus Stop Arm Assembly",VMRS_HB_COMPLETE_v20 page 10_pages_1-6.md
174-015-019,,174,015,Lid - Roof Emergency Escape Hatch,VMRS_HB_COMPLETE_v20 page 10_pages_1-6.md
174-017-040,,174,017,"Regulator - Air Compressor, School Bus Stop",VMRS_HB_COMPLETE_v20 page 10_pages_1-6.md
174-015-020,,174,015,"Guard - Handle, Roof Emergency Escape Hatch",VMRS_HB_COMPLETE_v20 page 10_pages_1-6.md
174-015-021,,174,015,"Prop - Safety, Hatch, Roof Emergency Escape",VMRS_HB_COMPLETE_v20 page 10_pages_1-6.md
174-017-041,,174,017,"Stop - Bumper, School Bus Stop Arm Assembly",VMRS_HB_COMPLETE_v20 page 10_pages_1-6.md
174-017-042,,174,017,"Stop Arm - Vacuum, Complete Assembly, School",VMRS_HB_COMPLETE_v20 page 10_pages_1-6.md
174-016-000,,174,016,Bus Roof Powered Vent Components,VMRS_HB_COMPLETE_v20 page 10_pages_1-6.md
,016-001,016,001,"Vent, Powered - Bus Roof, Complete Assembly",VMRS_HB_COMPLETE_v20 page 10_pages_1-6.md
,016-002,016,002,"Hardware, Mounting - Bus Roof Vent",VMRS_HB_COMPLETE_v20 page 10_pages_1-6.md
,016-003,016,003,Door - Bus Roof Vent,VMRS_HB_COMPLETE_v20 page 10_pages_1-6.md
,016-004,016,004,"Seal, Door, Bus Roof Vent",VMRS_HB_COMPLETE_v20 page 10_pages_1-6.md
,016-005,016,005,Hinge - Bus Roof Vent,VMRS_HB_COMPLETE_v20 page 10_pages_1-6.md
,016-006,016,006,"Hardware, Mounting - Bus Roof Vent Door Hinge",VMRS_HB_COMPLETE_v20 page 10_pages_1-6.md
,016-007,016,007,Latch - Bus Roof Vent,VMRS_HB_COMPLETE_v20 page 10_pages_1-6.md
,016-008,016,008,"Hardware, Mounting - Bus Roof Vent Latch",VMRS_HB_COMPLETE_v20 page 10_pages_1-6.md
,016-009,016,009,Switch - Bus Roof Vent,VMRS_HB_COMPLETE_v20 page 10_pages_1-6.md
,016-010,016,010,"Wiring, Harness - Bus Roof Vent",VMRS_HB_COMPLETE_v20 page 10_pages_1-6.md
,016-011,016,011,Fan - Bus Roof Vent,VMRS_HB_COMPLETE_v20 page 10_pages_1-6.md
,016-012,016,012,"Motor, Fan - Bus Roof Vent",VMRS_HB_COMPLETE_v20 page 10_pages_1-6.md
,016-013,016,013,Mounting Bracket - Bus Roof Vent Fan Motor,VMRS_HB_COMPLETE_v20 page 10_pages_1-6.md
,016-014,016,014,"Hardware, Mounting - Bus Roof Vent Fan MotorBracket",VMRS_HB_COMPLETE_v20 page 10_pages_1-6.md
,016-015,016,015,Louver - Bus Roof Vent,VMRS_HB_COMPLETE_v20 page 10_pages_1-6.md
,016-016,016,016,"Hardware, Mounting - Bus Roof Vent Louver",VMRS_HB_COMPLETE_v20 page 10_pages_1-6.md
,017-001,017,001,"Stop Arm - Electrical, Complete Assembly,School Bus",VMRS_HB_COMPLETE_v20 page 10_pages_1-6.md
,017-003,017,003,Module - School Bus Stop Arm,VMRS_HB_COMPLETE_v20 page 10_pages_1-6.md
,017-004,017,004,Wiring Harness - School Bus Stop Arm,VMRS_HB_COMPLETE_v20 page 10_pages_1-6.md
,017-005,017,005,Lamp - School Bus Stop Arm,VMRS_HB_COMPLETE_v20 page 10_pages_1-6.md
,017-006,017,006,"Hardware, Mounting - School Bus Stop Arm",VMRS_HB_COMPLETE_v20 page 10_pages_1-6.md
,017-007,017,007,"Stop Arm - Air, Complete Assembly, School Bus",VMRS_HB_COMPLETE_v20 page 10_pages_1-6.md
,017-008,017,008,Valve - School Bus Stop Arm Assembly,VMRS_HB_COMPLETE_v20 page 10_pages_1-6.md
,017-009,017,009,Switch - School Bus Stop Arm Assembly,VMRS_HB_COMPLETE_v20 page 10_pages_1-6.md
,017-010,017,010,Mounting Bracket -School Bus Stop ArmAssembly,VMRS_HB_COMPLETE_v20 page 10_pages_1-6.md
,017-011,017,011,Nipple - School Bus Stop Arm Assembly,VMRS_HB_COMPLETE_v20 page 10_pages_1-6.md
,017-012,017,012,"Connector - Male, School Bus Stop Arm",VMRS_HB_COMPLETE_v20 page 10_pages_1-6.md
,017-013,017,013,"Fitting - Tee, School Bus Stop Arm Assembly",VMRS_HB_COMPLETE_v20 page 10_pages_1-6.md
,017-014,017,014,"Fitting - Elbow, School Bus Stop Arm Assembly",VMRS_HB_COMPLETE_v20 page 10_pages_1-6.md
,017-015,017,015,Pressure Protection Valve - School Bus Stop,VMRS_HB_COMPLETE_v20 page 10_pages_1-6.md
,017-016,017,016,Arm Assembly,VMRS_HB_COMPLETE_v20 page 10_pages_1-6.md
,017-017,017,017,Relay School Rus Electric Stop Arm Assembly,VMRS_HB_COMPLETE_v20 page 10_pages_1-6.md
,017-019,017,019,Boaring Outer School Bus Stop Arm Assembly,VMRS_HB_COMPLETE_v20 page 10_pages_1-6.md
,017-020,017,020,Bushing - School Bus Stop Arm Assembly,VMRS_HB_COMPLETE_v20 page 10_pages_1-6.md
,017-021,017,021,Hinge - School Rus Stop Arm Assembly,VMRS_HB_COMPLETE_v20 page 10_pages_1-6.md
,017-022,017,022,Pin - School Bus Stop Arm Hinge,VMRS_HB_COMPLETE_v20 page 10_pages_1-6.md
,017-025,017,025,Base - School Bus Stop Arm Assembly,VMRS_HB_COMPLETE_v20 page 10_pages_1-6.md
,017-026,017,026,Paddle - School Bus Stop Arm Assembly,VMRS_HB_COMPLETE_v20 page 10_pages_1-6.md
,017-027,017,027,Stop Sign - School Bus Stop Arm Assembly,VMRS_HB_COMPLETE_v20 page 10_pages_1-6.md
,017-028,017,028,"Bracket - Hinge Mounting, School Bus Stop Arm",VMRS_HB_COMPLETE_v20 page 10_pages_1-6.md
,017-029,017,029,Cam - School Bus Stop Arm Assembly,VMRS_HB_COMPLETE_v20 page 10_pages_1-6.md
,017-030,017,030,Return Spring - School Bus Stop Arm Assembly,VMRS_HB_COMPLETE_v20 page 10_pages_1-6.md
,017-031,017,031,Diaphragm - School Bus Stop Arm Assembly,VMRS_HB_COMPLETE_v20 page 10_pages_1-6.md
,017-032,017,032,Heater - School Bus Stop Arm Assembly,VMRS_HB_COMPLETE_v20 page 10_pages_1-6.md
,017-033,017,033,Wind Guard - School Bus Stop Arm Assembly,VMRS_HB_COMPLETE_v20 page 10_pages_1-6.md
,017-034,017,034,Chime - School Bus Stop Arm Assembly,VMRS_HB_COMPLETE_v20 page 10_pages_1-6.md
,017-035,017,035,"Latch - Stop Paddle, School Bus Stop ArmAssembly",VMRS_HB_COMPLETE_v20 page 10_pages_1-6.md
,017-036,017,036,Cover - School Bus Stop Arm Assembly,VMRS_HB_COMPLETE_v20 page 10_pages_1-6.md
,017-037,017,037,"Cable - Linkage, School Bus Stop Arm Assembly",VMRS_HB_COMPLETE_v20 page 10_pages_1-6.md
,017-038,017,038,Air Compressor - School Bus Stop ArmAssembly,VMRS_HB_COMPLETE_v20 page 10_pages_1-6.md
,017-039,017,039,"Pulley - Cable, School Bus Stop Arm Assembly",VMRS_HB_COMPLETE_v20 page 10_pages_1-6.md
,017-041,017,041,"Stop - Bumper, School Bus Stop Arm Assembly",VMRS_HB_COMPLETE_v20 page 10_pages_1-6.md
