vendor_part,vendor_manufacturer,vendor_description,vmrs_code,vmrs_system,vmrs_subcode,vmrs_description,description_similarity,quality
120740101,MERCEDES-BENZ OF NA,"INJECTION, PUMP, REPAIR, KIT",044-014-054,44,14,Seal Kit - Fuel Injector,0.14285714285714285,LOW
12727099,ACDELCO,SENSOR,044-000-000,44,0,Fuel System,0.0,LOW
03-23669-000,FREIGHTLINER,FUEL TANK BOLT,044-001-043,44,1,"Eve Bolt - Strap, Fuel Tank",0.6,HIGH
03-25693-000,FREIGHTLINER,"LUG TENSIONER, FUEL TANK STRAP",044-001-043,44,1,"Eve Bolt - Strap, Fuel Tank",0.42857142857142855,HIGH
03-27310-000,FREIGHTLINER,"TANK, FUEL",044-000-000,44,0,Fuel System,0.3333333333333333,HIGH
03-33412-780,FREIGHTLINER,ISOLATOR - FUEL TANK BAND,044-001-019,44,1,Strap - Fuel TankStrap - Fuel Tank Desfar,0.2857142857142857,MEDIUM
03-33927-672,FREIGHTLINER,"ISOLATOR, FUEL TANK BRACKET",044-001-063,44,1,"Hardware, Mounting - Mounting Bracket, Fuel",0.3333333333333333,HIGH
03-34467-000,FREIGHTLINER,"CAP, TANK, FUEL",044-001-002,44,1,Cap - Fuel TankCap - Fuel Tank Deefer,0.6,HIGH
03-37017-000,FREIGHTLINER,"CAP, FUEL TANK, FREIGHTLINER",044-001-002,44,1,Cap - Fuel TankCap - Fuel Tank Deefer,0.5,HIGH
03-37017-001,FREIGHTLINER,FUEL CAP,044-001-002,44,1,Cap - Fuel TankCap - Fuel Tank Deefer,0.4,HIGH
03-38548-004,FREIGHTLINER,"STRAP, FUEL TANK",044-001-019,44,1,Strap - Fuel TankStrap - Fuel Tank Desfar,0.6,HIGH
03-40538-009,DETROIT DIESEL CORP,"WATER SEPERATOR, FUEL",044-000-000,44,0,Fuel System,0.25,MEDIUM
03-40538-012,DETROIT DIESEL CORP,"ASSY, FUEL WATER SEPARATOR",044-000-000,44,0,Fuel System,0.2,MEDIUM
03-41389-000,FREIGHTLINER,"SEPERATOR, FUEL/WATER",044-002-004,44,2,,0.0,LOW
03-42746-001,FREIGHTLINER,"SERPARATOR, FUEL/WATER",044-002-004,44,2,,0.0,LOW
03-43845-000,FREIGHTLINER,"FILTER, FUEL/WATER SEPARATOR",044-002-016,44,2,"Element - Fuel Filter, Water Separator",0.8,HIGH
04-27757-000,FREIGHTLINER,FILLTER CAP,044-000-000,44,0,Fuel System,0.0,LOW
04-28039-001,FREIGHTLINER,VALVE SOLENOID COOLA,044-016-005,44,16,Solenoid - Evaporative Emission Control,0.16666666666666666,MEDIUM
04-32084-000,FREIGHTLINER,DEF LINE SUCTION,044-016-008,44,16,Lines - Fuel. Evaporative Emission Control,0.0,LOW
6566310104,INTERNATIONAL,SEAL BS-10.7/16.0-ST,044-000-000,44,0,Fuel System,0.0,LOW
6783490007,INTERNATIONAL,HALLOW SCREW 6-M3360,044-000-000,44,0,Fuel System,0.0,LOW
101132DAV,"DAVCO, INC.","VALVE, CHECK, SERVICE KIT",044-002-099,44,2,"Check Valve - Fuel Line, Gasoous",0.2857142857142857,MEDIUM
102693,"DAVCO, INC.",THERMO HEATER KIT 12V,044-009-008,44,9,Heater Assembly - Fuel,0.16666666666666666,MEDIUM
103071,"DAVCO, INC.","VALVE, CHECK,  3/4X1/2",044-002-030,44,2,Drain Valve - Separator,0.14285714285714285,LOW
103100DVC,"DAVCO, INC.","COVER, FUEL/WATER SEPARATOR",044-002-012,44,2,"Bowl - Separator, Fuel/Water",0.6,HIGH
10325852,CHEVROLET MOTOR,"FUEL,PUMP,MODULE,LOCKING,RING",044-003-006,44,3,"Hardware, Mounting - Fuel Pump Assembly",0.25,MEDIUM
103528DAV,"DAVCO, INC.","HEATER, FUEL/WATER SEPARATOR",044-002-041,44,2,Heater - 12 Or 24 Volt,0.125,LOW
103594DAV,"DAVCO, INC.","HEATER, PTC 12V- 155",044-015-001,44,15,Heater Assembly - HVAC System,0.14285714285714285,LOW
1037085,TENNANT,"GASKET, RECOVERY TANK",044-001-118,44,1,Gasket - Fuel Tank,0.5,HIGH
103708DAV,"DAVCO, INC.","PREHEATER, 12V, 150W",044-002-041,44,2,Heater - 12 Or 24 Volt,0.0,LOW
103803PAC,"PACCAR, INC.","SENSOR, WATER IN FUEL",044-002-032,44,2,"Probe - Water Sensor, Bowl",0.3333333333333333,HIGH
103805DAV,"DAVCO, INC.",WATER-IN-FUEL SENSOR,044-002-020,44,2,Soal Tash Drive,0.0,LOW
10595,STANT,"CAP, FUEL, LOCKING",044-001-002,44,1,Cap - Fuel TankCap - Fuel Tank Deefer,0.3333333333333333,HIGH
10602,STANT,"CAP, FUEL TANK",044-001-000,44,1,"Tank - Fuel, Liquid",0.5,HIGH
10819DT,O'REILLY AUTO PARTS,DIESEL FUEL CAP,044-001-000,44,1,"Tank - Fuel, Liquid",0.2,MEDIUM
10825,STANT,"CAP, FUEL",044-001-002,44,1,Cap - Fuel TankCap - Fuel Tank Deefer,0.4,HIGH
10840,STANT,"CAP, FUEL TANK",044-012-021,44,12,Cap - Gaseous Fuel Tank,0.75,HIGH
10840T,STANDARD,FUEL CAP,044-001-002,44,1,Cap - Fuel TankCap - Fuel Tank Deefer,0.4,HIGH
10841T,STANT,"CAP, FUEL",044-001-002,44,1,Cap - Fuel TankCap - Fuel Tank Deefer,0.4,HIGH
10R4763R,CATERPILLAR TRACTOR,INJECTOR EX63463,044-014-001,44,14,Injector Assembly - Electronic,0.25,MEDIUM
11-03503,PETERBILT MOTORS CO,"BRACKET, FUEL TANK STEP",044-001-059,44,1,"Bracket - Step, Fuel Tank",1.0,HIGH
11-03942-0700,PETERBILT MOTORS CO,"STEP, FUEL TANK 700MM",044-001-024,44,1,"Step - Strap, Fuel Tank",0.6,HIGH
11-04006-0800,PETERBILT MOTORS CO,"STEP, ALUMINIUM, FUEL TANK",044-001-024,44,1,"Step - Strap, Fuel Tank",0.6,HIGH
11-04551-001,PETERBILT MOTORS CO,"STRAP ASSEMBLY, T-BOLT, 26""",044-001-019,44,1,Strap - Fuel TankStrap - Fuel Tank Desfar,0.1111111111111111,LOW
11-04555-1470,PETERBILT MOTORS CO,"STRAP, WEBBING, 90MM X 1470MM",044-001-019,44,1,Strap - Fuel TankStrap - Fuel Tank Desfar,0.1111111111111111,LOW
11-04802-019T024U,PETERBILT MOTORS CO,"TANK, FUEL",044-000-000,44,0,Fuel System,0.3333333333333333,HIGH
11-04848-044T046U,PETERBILT MOTORS CO,FUEL TANK,044-001-001,44,1,Tank - Fuel,1.0,HIGH
118227,CUMMINS ENGINE CO,"DOWEL, FUEL PUMP",044-003-006,44,3,"Hardware, Mounting - Fuel Pump Assembly",0.3333333333333333,HIGH
2025-11-25 00:00:00,THERMO KING,PUMP PRIME,044-000-000,44,0,Fuel System,0.0,LOW
1200328,"GRAINGER, W.W., INC.","PUMP, SOLUTION ELECTRIC 36VDC",044-003-027,44,3,Pump - Luer Leea,0.16666666666666666,MEDIUM
120497,THERMO KING,"TANK, FUEL 30 GAL",044-001-001,44,1,Tank - Fuel,0.5,HIGH
12658353,ACDELCO,"HOSE, VAPOR CANISTER PURGE",044-016-008,44,16,Lines - Fuel. Evaporative Emission Control,0.0,LOW
128229,CROWN,SIGNAL ELECTRONIC CONTINUOUS/P,044-007-047,44,7,Inrottle Control Assembly - Electronic,0.14285714285714285,LOW
134030,WILLIAMS CONTROLS,THROTTLE  POSITION SENSOR,044-007-048,44,7,Sensor - Throttle Plate Position (TPS),0.6,HIGH
134275W1L,"PACCAR, INC.",PEDAL SENSOR KIT,044-007-110,44,7,"Sensor - Position, Accelerator Pedal",0.4,HIGH
15-50568,ACDELCO,"VALVE, PURGE, CANISTER",044-016-011,44,16,Purge Valve - Evaporative Canister,0.75,HIGH
1655115PE,"PACCAR, INC.","FILTER, FUEL, PRIMARY",044-002-001,44,2,"Filter Assembly - Fuel, Primary",0.75,HIGH
1698250C1,NAVISTAR,"GASKET, FILTER, FUEL, KIT",044-002-035,44,2,Seal Kit - Separator,0.16666666666666666,MEDIUM
1781937PE,KENWORTH TRUCK CO,"HOSE, COMPRESSOR- COOLANT SUPP",044-010-066,44,10,"Hose - Coolant, Vaporizer",0.4,HIGH
180107,PAI PARTS,"PUMP, FUEL, MECHANICAL",044-003-001,44,3,Fuel Pump Assembly,0.5,HIGH
1812348C1,INTERNATIONAL,"SLEEVE, COMPRESSION FITTING FU",044-003-000,44,3,Fuel Pump,0.0,LOW
18-1685,IMPORT DIRECT INJCTN,"SWITCH, FUEL CUT OFF",044-000-000,44,0,Fuel System,0.2,MEDIUM
1820478C1,INTERNATIONAL,"BALL, CHECK VALVE",044-001-014,44,1,,0.0,LOW
1824908C1,INTERNATIONAL,"O-RING, INJECTION HARNESS",044-004-009,44,4,O-Ring - Injector Fuel Passage,0.2857142857142857,MEDIUM
1830669C92,INTERNATIONAL,"SENSOR, INJECTOR CONTROL PRESS",044-014-000,44,14,Injectors - Electronic,0.0,LOW
1830742C92,INTERNATIONAL,"KIT, SEALS, INJECTOR",044-004-024,44,4,Seal Injector Cup,0.2,MEDIUM
1841217C91,INTERNATIONAL,"KIT, FUEL PRESSURE REGULATOR",044-003-255,44,3,Regulator - Fuel Pressure,0.75,HIGH
1842624C92,INTERNATIONAL,"KIT, INJECTOR SEAL",044-014-000,44,14,Injectors - Electronic,0.0,LOW
1842721C91,NAVISTAR,"PUMP,KIT HIGH PRESS PUMP OIL",044-003-000,44,3,Fuel Pump,0.16666666666666666,MEDIUM
1873906C1,NAVISTAR,"GASKET, PUMP, FUEL",044-003-009,44,3,Gasket - Fuel Pump Flange Or Adapter,0.5,HIGH
1875784C93,INTERNATIONAL,"SENSOR, ICP CONTROL - INJECTIO",044-014-000,44,14,Injectors - Electronic,0.0,LOW
1886075PE,"PACCAR, INC.","VALVE, AIR, SHUT OFF",044-008-002,44,8,"Solenoid - Engine Shutdown Valve, Electric",0.125,LOW
1889325C95,INTERNATIONAL,"KIT, IPR VALVE",044-014-003,44,14,Valve - Injection Pressure Regulator (IPR),0.3333333333333333,HIGH
1890253C96,INTERNATIONAL,FUEL PUMP KIT,044-003-001,44,3,Fuel Pump Assembly,0.5,HIGH
1890254C95,NAVISTAR,"HOUSING, ASSY, FILTER, FUEL",044-002-092,44,2,Housing - Fuel Filter,0.75,HIGH
1890254C96,NAVISTAR,"HOUSING, FILTER, FUEL",044-002-092,44,2,Housing - Fuel Filter,1.0,HIGH
1893801C94,INTERNATIONAL,FUEL PRESSURE REGULATOR,044-000-000,44,0,Fuel System,0.25,MEDIUM
1899335C91,NAVISTAR,"FUEL PUMP, KIT",044-000-000,44,0,Fuel System,0.25,MEDIUM
1904646PE,PETERBILT MOTORS CO,"PIPE, FUEL, HIGH PRESSURE",044-003-217,44,3,"Line - Fuel, high Plessure",0.3333333333333333,HIGH
191680035,GENERAL MOTORS CORP,FUEL PRESSURE SENSOR,044-001-129,44,1,"Sensor - Vacuum, Fuel Tank",0.4,HIGH
19208483,GENERAL MOTORS CORP,"SENSOR,FUEL,LEVEL",044-001-100,44,1,Gasket - Filler Neck Fuel Tank,0.14285714285714285,LOW
19209603,GENERAL MOTORS CORP,"SENSOR, FUEL LEVEL",044-001-038,44,1,Leveling Valve - Fuel Tanks,0.16666666666666666,MEDIUM
19257603,GENERAL MOTORS CORP,"VAPOR,CANISTER,VENT,HARNESS",044-016-012,44,16,Vent Valve - Evaporative Canister,0.3333333333333333,HIGH
19259309,GENERAL MOTORS CORP,"FILTER, FUEL, PRIMARY",044-002-001,44,2,"Filter Assembly - Fuel, Primary",0.75,HIGH
19370402,GENERAL MOTORS CORP,"PUMP, FUEL",044-003-001,44,3,Fuel Pump Assembly,0.6666666666666666,HIGH
1R-0749,CATERPILLAR TRACTOR,"FILTER, FUEL, SECONDARY",044-002-003,44,2,"Clamp - Mounting, Filter Assembly",0.16666666666666666,MEDIUM
1R-0750,CATERPILLAR TRACTOR,"FILTER, FUEL, SECONDARY",044-002-003,44,2,"Clamp - Mounting, Filter Assembly",0.16666666666666666,MEDIUM
20395028,VOLVO,"FITTING, FUEL LINE - STRAIGHT,",044-001-033,44,1,"Fitting - Male Connector, Compression, Fuel",0.2857142857142857,MEDIUM
20560284,VOLVO,"VENT, FUEL TANK",044-001-052,44,1,Hose - Vent Pipe,0.2,MEDIUM
20592119,VOLVO,CAP,044-012-021,44,12,Cap - Gaseous Fuel Tank,0.25,MEDIUM
20770657,VOLVO,"CAP, FUEL TANK, VOLVO",044-001-002,44,1,Cap - Fuel TankCap - Fuel Tank Deefer,0.5,HIGH
20770677,VOLVO,CAP-FUEL TANK,044-001-002,44,1,Cap - Fuel TankCap - Fuel Tank Deefer,0.6,HIGH
20884328,VOLVO,"VALVE, CHECK FUEL",044-001-077,44,1,Check Valve - FuelCheck Valve - Fuel Filter/Water Separator,0.42857142857142855,HIGH
20915842,GENERAL MOTORS CORP,"FUEL,TANK,FILLER,CAP",044-001-002,44,1,Cap - Fuel TankCap - Fuel Tank Deefer,0.5,HIGH
20915987,ACDELCO,"CAP, FUEL",044-000-000,44,0,Fuel System,0.3333333333333333,HIGH
20923886,GENERAL MOTORS CORP,FUEL CAP,044-001-000,44,1,"Tank - Fuel, Liquid",0.25,MEDIUM
20934058,GENERAL MOTORS CORP,"VAPOR,CANISTER,PURGE,HOSE",044-016-008,44,16,Lines - Fuel. Evaporative Emission Control,0.0,LOW
20934059,GENERAL MOTORS CORP,"VAPOR,CANISTER,HOSE",044-016-008,44,16,Lines - Fuel. Evaporative Emission Control,0.0,LOW
20R8059,CATERPILLAR TRACTOR,"INJECTOR, REMANUFACTURED",044-014-001,44,14,Injector Assembly - Electronic,0.25,MEDIUM
21172484,VOLVO,FUEL TANK,044-001-001,44,1,Tank - Fuel,1.0,HIGH
21172500,VOLVO,"TANK, FUEL",044-001-001,44,1,Tank - Fuel,1.0,HIGH
21237499,VOLVO,RIGHT-SIDE FUEL TANK,044-001-001,44,1,Tank - Fuel,0.5,HIGH
213-4246,GMC TRUCK DIVISION,OXYGEN SENSOR,044-000-000,44,0,Fuel System,0.0,LOW
21700538,VOLVO,"MOUNTING STRAP, FUEL TANK",044-001-019,44,1,Strap - Fuel TankStrap - Fuel Tank Desfar,0.5,HIGH
21870635,VOLVO,"HOUSING, FILTER, FUEL",044-002-092,44,2,Housing - Fuel Filter,1.0,HIGH
22188820,VOLVO,"HOUSING, FILTER, FUEL",044-002-004,44,2,,0.0,LOW
22188828,VOLVO,"HOUSING, FUEL/WATER SEPARATOR",044-002-000,44,2,Filters,0.0,LOW
22-72685-000,FREIGHTLINER,"CLAMP, FUEL TANK - STEP",044-001-021,44,1,Clamp - Fuel Line,0.4,HIGH
22-73639-110,FREIGHTLINER,"STEP-FUEL TANK, 1100M",044-001-024,44,1,"Step - Strap, Fuel Tank",0.6,HIGH
22-74603-004,FREIGHTLINER,"STEP, 925 X 160, STEEL, SILVER",044-001-024,44,1,"Step - Strap, Fuel Tank",0.1111111111111111,LOW
2277129PE,"PACCAR, INC.","FILTER, FUEL, PRIMARY",044-002-002,44,2,"Element - Fuel Filter, Primary",0.75,HIGH
22802284,GMC TRUCK DIVISION,"FUEL, CAP",044-001-002,44,1,Cap - Fuel TankCap - Fuel Tank Deefer,0.4,HIGH
22802285,GENERAL MOTORS CORP,"CAP, TANK, FUEL",044-001-002,44,1,Cap - Fuel TankCap - Fuel Tank Deefer,0.6,HIGH
22921365,GENERAL MOTORS CORP,"CAP, FUEL",044-012-020,44,12,Cap - Gaseous Fuel Tank Filler,0.4,HIGH
23044511,VOLVO,"FILTER, FUEL, PRIMARY",044-002-001,44,2,"Filter Assembly - Fuel, Primary",0.75,HIGH
23103351,GENERAL MOTORS CORP,"VAPOR ,CANISTER, FILTER, KIT",044-016-018,44,16,"Filter - Canister, Evaporative Emission Control",0.2857142857142857,MEDIUM
23-13499-005,FREIGHTLINER,ELBOW FITTING 90,044-000-000,44,0,Fuel System,0.0,LOW
23-13639-000,FREIGHTLINER,"FITTING, ELBOW, 45 DEGREE",044-001-012,44,1,Filling - Fuel Line Cooccup,0.0,LOW
23254684,VOLVO,"INSULATOR STRAP, FUEL TANK",044-001-023,44,1,"Insulator - Strap, Fuel Tank",1.0,HIGH
2330478380,HINO,"FILTER, FUEL, PRIMARY",044-002-002,44,2,"Element - Fuel Filter, Primary",0.75,HIGH
23304EV360,HINO,"FILTER, FUEL, PRIMARY",044-002-002,44,2,"Element - Fuel Filter, Primary",0.75,HIGH
2333078134,HINO MOTORS LTD.,"PREFILTER, FUEL",044-002-100,44,2,Prefilter - Fuel System,0.6666666666666666,HIGH
23488939,VOLVO,PRESSURE SENSOR,044-014-000,44,14,Injectors - Electronic,0.0,LOW
23502054,VOLVO,"HARNESS, WIRING, INJECTOR",044-014-021,44,14,Harnoss Injector Extornal,0.2,MEDIUM
23521528,DETROIT DIESEL CORP,"FILTER, FUEL, PRIMARY",044-002-002,44,2,"Element - Fuel Filter, Primary",0.75,HIGH
23631-U2230-71,TOYOTA,"ASSY, FUEL PIPE",044-001-046,44,1,"Tube - Pickup, Fuel Tank",0.16666666666666666,MEDIUM
23937771,VOLVO,AFTERTREATMENT FUEL INJECTOR,044-014-000,44,14,Injectors - Electronic,0.0,LOW
24009059,VOLVO,"FILTER, FUEL/WATER SEPARATOR",044-002-016,44,2,"Element - Fuel Filter, Water Separator",0.8,HIGH
24137737,VOLVO,"FILTER, FUEL, PRIMARY",044-002-002,44,2,"Element - Fuel Filter, Primary",0.75,HIGH
24191736,"MACK TRUCKS, INC.",PM SOOT SENSOR,044-003-232,44,3,"Sensor - Speed, Fuel Pump",0.16666666666666666,MEDIUM
24365442,VOLVO,ACCELERATOR PEDAL ASSY,044-007-032,44,7,"Bracket, All Cylinder - Milotte ControlBracket Alarm - Boverse Signal",0.0,LOW
24487052,VOLVO,FUEL CAP,044-001-002,44,1,Cap - Fuel TankCap - Fuel Tank Deefer,0.4,HIGH
24733518,VOLVO,"STEP, LOWER",044-001-024,44,1,"Step - Strap, Fuel Tank",0.2,MEDIUM
2505090C1,NAVISTAR,"HEATER, ELEMENT, ENGINE",044-015-016,44,15,"Heater - Fuel, Electrical",0.2,MEDIUM
2505326C3,INTERNATIONAL,"BRACKET, TANK",044-001-063,44,1,"Hardware, Mounting - Mounting Bracket, Fuel",0.2,MEDIUM
2510993C2,NAVISTAR,"FILTER, FUEL/WATER SEPARATOR",044-002-087,44,2,"Filter - Fuel Filter, Water Separator",1.0,HIGH
2512239C91,NAVISTAR,"KIT, HP OIL RAIL SEALS",044-014-055,44,14,O-Ring Kit - High Pressure Oil Pump,0.2,MEDIUM
2512884C91,INTERNATIONAL,INJECTOR,044-004-000,44,4,Injectors - Mechanical,0.0,LOW
2515207C92,NAVISTAR,"STRAP, FUEL, TANK, KIT",044-001-019,44,1,Strap - Fuel TankStrap - Fuel Tank Desfar,0.5,HIGH
2516133C91,INTERNATIONAL,"TANK, FUEL",044-000-000,44,0,Fuel System,0.3333333333333333,HIGH
25175793,VOLVO,"SENSOR, FUEL LEVEL",044-001-100,44,1,Gasket - Filler Neck Fuel Tank,0.14285714285714285,LOW
2522072C91,INTERNATIONAL,"ADAPTER, INJECTOR OIL INLET",044-014-010,44,14,Check Valve - High Pressure Oil Pump,0.1111111111111111,LOW
2523635C91,NAVISTAR,"FILTER, FUEL, PRIMARY, KIT",044-002-019,44,2,"Replacement Kit - Elements, Euel Filter",0.2857142857142857,MEDIUM
2523636C91,NAVISTAR,"FILTER, FUEL/WATER SEPARATOR",044-002-087,44,2,"Filter - Fuel Filter, Water Separator",1.0,HIGH
25-37593-00,CARRIER,"FUEL, BLEEDER , VALVE",044-000-000,44,0,Fuel System,0.25,MEDIUM
25-39392-00,CARRIER,"SHIM, INJECTOR PUMP",044-003-213,44,3,"Hardware, Mounting - Injection Pump Assembly",0.14285714285714285,LOW
25-39881-00SV,CARRIER,"SOLENOID, SPEED/STOP(FUEL/SPEE",044-011-002,44,11,Solenoid - Control Air Injection System,0.1111111111111111,LOW
25-39885-00SV,CARRIER,"PUMP, INJECTION",044-003-020,44,3,Injection Pump Assembly,0.6666666666666666,HIGH
25849108,GENERAL MOTORS CORP,"HOSE, FUEL TANK FILLER",044-000-000,44,0,Fuel System,0.2,MEDIUM
2598852C1,INTERNATIONAL,"SWITCH, CRUISE CONTROL, THRTLE",044-011-016,44,11,"Switch - Set/Resume, Cruise Control System",0.42857142857142855,HIGH
2601477C92,NAVISTAR,"TANK, FUEL, 100GAL",044-001-001,44,1,Tank - Fuel,0.6666666666666666,HIGH
2603439C2,NAVISTAR,"BOWL, FILTER, FUEL/WATER SEP",044-002-012,44,2,"Bowl - Separator, Fuel/Water",0.5,HIGH
2604318C91,NAVISTAR,"FILTER, FUEL, KIT",044-002-019,44,2,"Replacement Kit - Elements, Euel Filter",0.3333333333333333,HIGH
2610789C1,NAVISTAR,"PLATE, BOTTOM, FLUID HEATER",044-015-001,44,15,Heater Assembly - HVAC System,0.14285714285714285,LOW
2643614R1,INTERNATIONAL,LINING FUEL TANK STRAP,044-000-000,44,0,Fuel System,0.2,MEDIUM
27006,GATES,"FUEL , HOSE",044-000-000,44,0,Fuel System,0.3333333333333333,HIGH
2865048,CUMMINS ENGINE CO,"SEAL, FUEL, D RING",044-003-031,44,3,Seal - Injection Pump,0.16666666666666666,MEDIUM
2872288,CUMMINS ENGINE CO,"CONNECTOR, INJECTOR, FUEL",044-004-000,44,4,Injectors - Mechanical,0.0,LOW
2872509,CUMMINS ENGINE CO,"SEAL, O-RING, PUMP, FUEL",044-003-000,44,3,Fuel Pump,0.4,HIGH
2872513,CUMMINS ENGINE CO,"GASKET, COVER, FUEL PUMP",044-003-007,44,3,Gasket - Fuel Pump Cover,1.0,HIGH
2872545RX,CUMMINS ENGINE CO,FUEL PUMP,044-003-000,44,3,Fuel Pump,1.0,HIGH
2872663,CUMMINS ENGINE CO,"GASKET, BODY, FUEL PUMP",044-003-088,44,3,,0.0,LOW
2897245,CUMMINS SUNSTRAND,"TUBE, FUEL SUPPLY",044-000-000,44,0,Fuel System,0.25,MEDIUM
2899572,CUMMINS ENGINE CO,"PIPE, FUEL, INJECTOR, SUPPLY",044-003-019,44,3,"Line - Injection, Fuel Nozzle",0.14285714285714285,LOW
290002,MAXON,"GEAR PUMP, 3 PIECE",044-003-059,44,3,Gear - Pump,0.5,HIGH
2L2Z-9155-AB,FORD MOTOR CO,"FILTER, FUEL, PRIMARY",044-002-001,44,2,"Filter Assembly - Fuel, Primary",0.75,HIGH
3004473C93,NAVISTAR,"FILTER, FUEL/WATER SEPARATOR",044-002-016,44,2,"Element - Fuel Filter, Water Separator",0.8,HIGH
3004477C92,INTERNATIONAL,KIT FUEL PRIMER PUMP,044-002-019,44,2,"Replacement Kit - Elements, Euel Filter",0.125,LOW
3005382C1,INTERNATIONAL,BOLT BANJO M8X1,044-000-000,44,0,Fuel System,0.0,LOW
3005793C1,NAVISTAR,"SENSOR, FUEL PRESSURE RAIL",044-003-251,44,3,Sensor Dail Salact,0.16666666666666666,MEDIUM
3005911C1,INTERNATIONAL,HOSE SUPPLY FUEL PRE FILTR,044-003-018,44,3,Hose - Leak-Off. Fuel Nozzle,0.25,MEDIUM
3005921C2,NAVISTAR,"HOSE, SUPPLY, FUEL",044-001-011,44,1,Line - Fuel,0.25,MEDIUM
3007451C91,NAVISTAR,"HOUSING, FILTER, FUEL, KIT",044-002-092,44,2,Housing - Fuel Filter,0.75,HIGH
3007498C94,INTERNATIONAL,"TUBE, FUEL LINE",044-000-000,44,0,Fuel System,0.25,MEDIUM
3008385C1,NAVISTAR,"HOSE,FUEL,SUPPLY",044-001-011,44,1,Line - Fuel,0.25,MEDIUM
3018381C1,INTERNATIONAL,TUBE ASSY.,044-000-000,44,0,Fuel System,0.0,LOW
3033222C92,NAVISTAR,"HOSE, HIGH PRESSURE OIL",044-014-027,44,14,Hose - Feed High Pressure (HFUI),0.5,HIGH
3070136,CUMMINS ENGINE CO,"O-RING,  INJECTOR",044-014-000,44,14,Injectors - Electronic,0.0,LOW
31310-B2300,KIA MOTORS AMERICA,TUBE- FUEL,044-000-000,44,0,Fuel System,0.3333333333333333,HIGH
3169577,VOLVO,"COVER, FILTER, FUEL",044-002-022,44,2,Cover - Fuel Filter,1.0,HIGH
334479,THERMO KING,"STRAP, FUEL TANK, RUBBER",044-001-023,44,1,"Insulator - Strap, Fuel Tank",0.6,HIGH
33837,MICROGARD,"FILTER, FUEL, PRIMARY",044-002-019,44,2,"Replacement Kit - Elements, Euel Filter",0.14285714285714285,LOW
3524670C3,NAVISTAR,"BRACKET, SUPPORT",044-001-019,44,1,Strap - Fuel TankStrap - Fuel Tank Desfar,0.0,LOW
3526573C93,NAVISTAR,"SEPERATOR, ASSY, FUEL/WATER",044-002-004,44,2,,0.0,LOW
3533122C3,INTERNATIONAL,"STRAP, FUEL TANK",044-001-019,44,1,Strap - Fuel TankStrap - Fuel Tank Desfar,0.6,HIGH
3547709C2,NAVISTAR,"LINING, FUEL TANK STRAP",044-001-019,44,1,Strap - Fuel TankStrap - Fuel Tank Desfar,0.5,HIGH
3548221C2,INTERNATIONAL,FUEL CAP,044-000-000,44,0,Fuel System,0.3333333333333333,HIGH
3559213C2,NAVISTAR,"FITTING, FUEL OUTLET 90DEG VOS",044-001-096,44,1,"Fitting - Vehicle Fuel System, Fuel Line, Hose,",0.2222222222222222,MEDIUM
3559214C2,NAVISTAR,"FITTING, FUEL OUTLET",044-001-012,44,1,Filling - Fuel Line Cooccup,0.16666666666666666,MEDIUM
3571312C1,NAVISTAR,"NYLON, TUBE",044-001-013,44,1,Hose - Flexible,0.0,LOW
3591619C2,NAVISTAR,"CAP, FUEL",044-000-000,44,0,Fuel System,0.3333333333333333,HIGH
3591620C2,INTERNATIONAL,FUEL TANK CAP NON LOCKING,044-001-002,44,1,Cap - Fuel TankCap - Fuel Tank Deefer,0.42857142857142855,HIGH
3604,NAPA,"FILTER, FUEL/WATER SEPARATOR",044-002-087,44,2,"Filter - Fuel Filter, Water Separator",1.0,HIGH
3609598C94,INTERNATIONAL,FUEL TANK,044-000-000,44,0,Fuel System,0.3333333333333333,HIGH
3678738,CUMMINS ENGINE CO,ORING,044-000-000,44,0,Fuel System,0.0,LOW
3682826,CUMMINS ENGINE CO,"SEAL, GROMMENT",044-000-000,44,0,Fuel System,0.0,LOW
3684202,CUMMINS ENGINE CO,"BOLT, BANJO CONNECTOR",044-003-182,44,3,Bolt - Fuel Line,0.2,MEDIUM
3685808,CUMMINS ENGINE CO,"LINE, SUPPLY, FUEL , INJECTOR",044-003-019,44,3,"Line - Injection, Fuel Nozzle",0.3333333333333333,HIGH
3686371,CUMMINS ENGINE CO,VALVE SOLENOID,044-016-005,44,16,Solenoid - Evaporative Emission Control,0.2,MEDIUM
3691500,CUMMINS ENGINE CO,TUBE FUEL SUPPLY,044-003-147,44,3,"Seal - Adapter, Fuel Injector Lines",0.14285714285714285,LOW
3694024,CUMMINS ENGINE CO,"CONNECTOR, QCK DISCONNECT",044-003-001,44,3,Fuel Pump Assembly,0.0,LOW
370717-1,FREIGHTLINER,FUEL CAP,044-000-000,44,0,Fuel System,0.3333333333333333,HIGH
3816784C91,NAVISTAR,TUBE FORMED,044-000-000,44,0,Fuel System,0.0,LOW
382950,"DAVCO, INC.",382 FUEL FILTER ASSY,044-002-000,44,2,Filters,0.0,LOW
3877814C1,INTERNATIONAL,"SWITCH, STEERING, SPEED CNTRL",044-011-007,44,11,Amplifier Assembly - GO,0.0,LOW
3899283,CUMMINS ENGINE CO,"SEAL, O-RING",044-003-000,44,3,Fuel Pump,0.0,LOW
3900628,CUMMINS ENGINE CO,"SCREW, HEX FLANGE",044-000-000,44,0,Fuel System,0.0,LOW
3924725,CUMMINS ENGINE CO,"BOLT, BANJO CONNECTION",044-003-182,44,3,Bolt - Fuel Line,0.2,MEDIUM
3928013S,FLEETGUARD,"HEATER, FILTER, FUEL, ASSY",044-015-001,44,15,Heater Assembly - HVAC System,0.14285714285714285,LOW
3930335S,FLEETGUARD,"HEATER, FILTER, FUEL, ASSY",044-015-001,44,15,Heater Assembly - HVAC System,0.14285714285714285,LOW
3937142,CUMMINS ENGINE CO,"SEAL, INJECTOR",044-004-024,44,4,Seal Injector Cup,0.6666666666666666,HIGH
3958181S,FLEETGUARD,"HEAD, FILTER, FUEL, ASSY",044-002-081,44,2,Head - Fuel Filter,0.75,HIGH
3963736,CUMMINS ENGINE CO,INJECTOR WIRING HARNESS RETAIN,044-014-000,44,14,Injectors - Electronic,0.0,LOW
3963991,CUMMINS ENGINE CO,"WASHER, SEALING - FUEL LINE",044-003-000,44,3,Fuel Pump,0.2,MEDIUM
3966128,CUMMINS ENGINE CO,"TUBE, FUEL SUPPLY",044-003-016,44,3,Line - Fuel Pump Rail,0.16666666666666666,MEDIUM
3969822,CUMMINS ENGINE CO,"CONNECTOR, ADAPTER",044-000-000,44,0,Fuel System,0.0,LOW
3C3Z-9N184-CB,FORD MOTOR CO,"FILTER, FUEL/WATER SEPARATOR",044-002-016,44,2,"Element - Fuel Filter, Water Separator",0.8,HIGH
4059172,CUMMINS ENGINE CO,"SEAL, O-RING",044-000-000,44,0,Fuel System,0.0,LOW
4070447C4,NAVISTAR,"STRAP, FUEL TANK",044-000-000,44,0,Fuel System,0.25,MEDIUM
4070448C4,NAVISTAR,"STRAP, FUEL TANK",044-000-000,44,0,Fuel System,0.25,MEDIUM
4070450C2,NAVISTAR,"STRAP, FUEL TANK",044-000-000,44,0,Fuel System,0.25,MEDIUM
4072967C3,NAVISTAR,"STRAP, FUEL, TANK, FLANGE",044-001-019,44,1,Strap - Fuel TankStrap - Fuel Tank Desfar,0.5,HIGH
4080114C2,NAVISTAR,"FILTER, FUEL/WATER SEPARATOR",044-002-087,44,2,"Filter - Fuel Filter, Water Separator",1.0,HIGH
4172824C1S,INTERNATIONAL,FUEL TANK,044-000-000,44,0,Fuel System,0.3333333333333333,HIGH
4172958C2,INTERNATIONAL,"TANK, FUEL, DS",044-001-001,44,1,Tank - Fuel,0.6666666666666666,HIGH
4173070C1S,NAVISTAR,FUEL TANK 26 IN. 80 GALLON,044-001-000,44,1,"Tank - Fuel, Liquid",0.2857142857142857,MEDIUM
423322,THERMO KING,PUMP- FUEL ELECTRIC,044-003-000,44,3,Fuel Pump,0.6666666666666666,HIGH
4307021RX,CUMMINS ENGINE CO,"PUMP, FUEL",044-000-000,44,0,Fuel System,0.3333333333333333,HIGH
4307034,CUMMINS ENGINE CO,ACCUMULATOR,044-000-000,44,0,Fuel System,0.0,LOW
4318183,CUMMINS ENGINE CO,"TUBE, OIL SUPPLY",044-001-011,44,1,Line - Fuel,0.0,LOW
4359489,CUMMINS ENGINE CO,FUEL PUMP,044-003-000,44,3,Fuel Pump,1.0,HIGH
4384222,CUMMINS ENGINE CO,"ACTUATOR, ELECTRIC, FUEL, CONT",044-007-016,44,7,"Lever - Actuating, Throttle Control (Hand)",0.0,LOW
4384373RX,CUMMINS ENGINE CO,"HEAD, FUEL PUMP",044-003-263,44,3,Head - Fuel Pump,1.0,HIGH
44-00046-04,CARRIER CORP,CAP AND CHAIN (NON-VENTED TYPE,044-001-002,44,1,Cap - Fuel TankCap - Fuel Tank Deefer,0.1,LOW
482003,"DAVCO, INC.","COLLAR, COVER, SEPARATOR F/W",044-002-022,44,2,Cover - Fuel Filter,0.14285714285714285,LOW
483047SDAV,"DAVCO, INC.","WATER SEPERATOR, FUEL",044-000-000,44,0,Fuel System,0.25,MEDIUM
49019-0032,KAWASAKI,"FILTER, FUEL, PRIMARY, KIT",044-002-000,44,2,Filters,0.0,LOW
490-89,"PACCAR, INC.","SEAL, FUEL CAP",044-001-003,44,1,Gasket - Fuel Tank Cap,0.4,HIGH
4928171,CUMMINS ENGINE CO,"INJECTOR, REMANUFACTURED",044-014-001,44,14,Injector Assembly - Electronic,0.25,MEDIUM
4928575,CUMMINS ENGINE CO,"GASKET, PUMP, FUEL",044-003-009,44,3,Gasket - Fuel Pump Flange Or Adapter,0.5,HIGH
4933571,CUMMINS ENGINE CO,"VALVE, CHECK, FUEL",044-003-245,44,3,Check Valve - Integrated Fuel Systems,0.6,HIGH
4934545,CUMMINS ENGINE CO,"HARNESS, INJECTOR WIRING",044-014-002,44,14,Wiring Harness - Electronic Injectors,0.4,HIGH
4935981,CUMMINS ENGINE CO,FUEL INJECTOR,044-000-000,44,0,Fuel System,0.3333333333333333,HIGH
4938005,CUMMINS ENGINE CO,"VALVE, FUEL PREASURE",044-000-000,44,0,Fuel System,0.25,MEDIUM
4954245,CUMMINS ENGINE CO,"SENSOR, PRESSURE, FUEL",044-014-007,44,14,Sensor - Injection Control Pressure (ICP),0.3333333333333333,HIGH
4954314,CUMMINS ENGINE CO,FUEL PUMP,044-003-001,44,3,Fuel Pump Assembly,0.6666666666666666,HIGH
4954315RX,CUMMINS ENGINE CO,"PUMP, FUEL - CAPS PUMP",044-003-000,44,3,Fuel Pump,0.6666666666666666,HIGH
4988666,CUMMINS ENGINE CO,"TUBE, FUEL SUPPLY",044-003-016,44,3,Line - Fuel Pump Rail,0.16666666666666666,MEDIUM
4989824,CUMMINS ENGINE CO,"TUBE, FUEL SUPPLY",044-003-016,44,3,Line - Fuel Pump Rail,0.16666666666666666,MEDIUM
4997684,CUMMINS ENGINE CO,"VALVE, FUEL FLOW PRESSURE",044-014-014,44,14,Valve - Fuel Control,0.4,HIGH
4C2Z-9N184-BA,FORD MOTOR CO,"FILTER, FUEL/WATER SEPARATOR",044-002-016,44,2,"Element - Fuel Filter, Water Separator",0.8,HIGH
4C3Z-12A342-A,FORD MOTOR CO,"PLUG, GLOW",044-015-000,44,15,"Heater - Fuel, Electrical, Components",0.0,LOW
4L3Z-9276-AA,FORD MOTOR CO,GASKET,044-003-155,44,3,Seal (Gasket/O-Ring) - Fuel Pump Mounting,0.14285714285714285,LOW
5010715R91,NAVISTAR,"INJECTOR, I334, 466, REMAN",044-004-001,44,4,Injector Assembly - Mechanical,0.16666666666666666,MEDIUM
5010717R91,INTERNATIONAL,INJECTOR,044-004-001,44,4,Injector Assembly - Mechanical,0.3333333333333333,HIGH
5010733R92,INTERNATIONAL,"ASSEMBLY, PUMP FUEL",044-003-001,44,3,Fuel Pump Assembly,1.0,HIGH
5010750-ELE,NAVISTAR,"PUMP, FUEL, HIGH PRESSURE",044-003-218,44,3,"Pump Assembly - Fuel, High Pressure",0.8,HIGH
5010750R95,INTERNATIONAL,HP FUEL PUMP,044-003-001,44,3,Fuel Pump Assembly,0.5,HIGH
5010870R92,INTERNATIONAL,"KIT, PUMP, FUEL",044-004-001,44,4,Injector Assembly - Mechanical,0.0,LOW
5010983R91,NAVISTAR,"INJECTOR, ASSY",044-000-000,44,0,Fuel System,0.0,LOW
5254261PX,CUMMINS ENGINE CO,FUEL INJECTOR,044-014-000,44,14,Injectors - Electronic,0.0,LOW
5256034PX,CUMMINS ENGINE CO,"INJECTOR, FUEL",044-004-001,44,4,Injector Assembly - Mechanical,0.25,MEDIUM
5259541,CUMMINS ENGINE CO,"TUBE, FUEL TRANSFER",044-000-000,44,0,Fuel System,0.25,MEDIUM
5260632,CUMMINS ENGINE CO,PUMP FUEL TRANSFER,044-003-001,44,3,Fuel Pump Assembly,0.5,HIGH
5266870,CUMMINS ENGINE CO,"HOSE, FLEXIBLE",044-001-013,44,1,Hose - Flexible,1.0,HIGH
5300565,CUMMINS ENGINE CO,"TUBE, FUEL SUPPLY",044-001-079,44,1,Tube Assembly - Suction and Return,0.14285714285714285,LOW
5308313,CUMMINS ENGINE CO,"VALVE, SOLENOID",044-016-005,44,16,Solenoid - Evaporative Emission Control,0.2,MEDIUM
5317100,CUMMINS ENGINE CO,"TUBE, FUEL DRAIN",044-001-079,44,1,Tube Assembly - Suction and Return,0.14285714285714285,LOW
5317164,CUMMINS ENGINE CO,"TUBE, FUEL, DRAIN",044-009-000,44,9,"Heater - Fuel, Non-Electrical",0.16666666666666666,MEDIUM
5317167,CUMMINS ENGINE CO,"TUBE, FUEL DRAIN",044-001-052,44,1,Hose - Vent Pipe,0.0,LOW
5363390,CUMMINS ENGINE CO,"FILTER, FUEL, PRIMARY",044-002-001,44,2,"Filter Assembly - Fuel, Primary",0.75,HIGH
5398557RX,CUMMINS ENGINE CO,"PUMP, FUEL",044-003-000,44,3,Fuel Pump,1.0,HIGH
5410427,CUMMINS ENGINE CO,"VALVE, FUEL METERING  CNG",044-000-000,44,0,Fuel System,0.2,MEDIUM
5427936J,MOTORCRAFT CORP.,FUEL TANK FILLER PIP,044-001-011,44,1,Line - Fuel,0.2,MEDIUM
5461550RX,CUMMINS ENGINE CO,"SENSOR, PARTICULATE",044-000-000,44,0,Fuel System,0.0,LOW
5479-102521,VOLVO,HARNESS WIF-DAVCO SEPERATOR,044-012-050,44,12,"Connector - Sensor, Fuel, Gaseous",0.0,LOW
5525526,CUMMINS ENGINE CO,FUEL LINE,044-001-011,44,1,Line - Fuel,1.0,HIGH
5549-13715-26,PETERBILT MOTORS CO,"SENSOR, LEVEL FUEL",044-001-100,44,1,Gasket - Filler Neck Fuel Tank,0.14285714285714285,LOW
5579403PX,CUMMINS ENGINE CO,"INJECTOR, ISL FUEL",044-010-052,44,10,Injector Assembly - Fuel,0.5,HIGH
5579405PX,CUMMINS ENGINE CO,"INJECTOR, FUEL",044-014-001,44,14,Injector Assembly - Electronic,0.25,MEDIUM
5579409PX,CUMMINS ENGINE CO,INJECTOR KIT,044-014-001,44,14,Injector Assembly - Electronic,0.25,MEDIUM
5594422PX,CUMMINS ENGINE CO,"PUMP, FUEL",044-003-001,44,3,Fuel Pump Assembly,0.6666666666666666,HIGH
5620621,CUMMINS ENGINE CO,"PUMP, FUEL, TRANSFER",044-003-001,44,3,Fuel Pump Assembly,0.5,HIGH
597338,BRIGGS & STRATTON,FUEL PUMP,044-003-000,44,3,Fuel Pump,1.0,HIGH
6132733C91,INTERNATIONAL,FUEL GAUGE,044-000-000,44,0,Fuel System,0.3333333333333333,HIGH
642-070-24-38-64,MERCEDES-BENZ OF NA,FUEL LINE COLLECTOR,044-001-000,44,1,"Tank - Fuel, Liquid",0.2,MEDIUM
66-29967-378,FREIGHTLINER,"SENSOR, FUEL INDICATOR",044-000-000,44,0,Fuel System,0.25,MEDIUM
67-6003,CARDONE INDS INC.,THROTTLE BODY,044-007-000,44,7,Throttle Controls,0.3333333333333333,HIGH
6L2Z-9B989-D,FORD MOTOR CO,"SENSOR, POSITION, THROTTLE",044-007-000,44,7,Throttle Controls,0.25,MEDIUM
7078617C1,NAVISTAR,"TUBE ASSY, INJECTOR COOLER INL",044-004-008,44,4,Tube & Arm Assembly - Injector Back,0.25,MEDIUM
7078618C1,NAVISTAR,"TUBE ASSY, INJECTOR COOLER OUT",044-004-008,44,4,Tube & Arm Assembly - Injector Back,0.25,MEDIUM
7099265C92,NAVISTAR,"HARNESS, INJECTOR",044-014-002,44,14,Wiring Harness - Electronic Injectors,0.2,MEDIUM
7100053C1,INTERNATIONAL,INTERNATIONAL VALVE SOLENOID,044-000-000,44,0,Fuel System,0.0,LOW
8071095,VOLVO,"HOSE, FUEL - PER  FT",044-000-000,44,0,Fuel System,0.2,MEDIUM
84236138,CHEVROLET MOTOR,"FUEL,TANK",044-001-001,44,1,Tank - Fuel,1.0,HIGH
85106917,GENERAL MOTORS CORP,"SENSOR, LEVEL, FUEL",044-001-100,44,1,Gasket - Filler Neck Fuel Tank,0.14285714285714285,LOW
85118917,VOLVO,"PUMP, FUEL",044-003-001,44,3,Fuel Pump Assembly,0.6666666666666666,HIGH
86786771,ACDELCO,"KIT, FUEL TANK PUMP MODULE",044-003-000,44,3,Fuel Pump,0.4,HIGH
8C2Z-9030-B,FORD MOTOR CO,"CAP , GAS",044-012-021,44,12,Cap - Gaseous Fuel Tank,0.2,MEDIUM
8C3Z-9030-A,FORD MOTOR CO,FUEL CAP,044-001-002,44,1,Cap - Fuel TankCap - Fuel Tank Deefer,0.4,HIGH
90019272,OTTAWA TRUCKS NA,"CAP, TANK, FUEL",044-001-000,44,1,"Tank - Fuel, Liquid",0.5,HIGH
90-02935,FREIGHTLINER,GASKET,044-001-003,44,1,Gasket - Fuel Tank Cap,0.25,MEDIUM
911-268,DORMAN PROD CO.,"EVAP,CANISTER",044-016-001,44,16,Canister - Evaporative Emission Control,0.2,MEDIUM
923829-1106,KALMAR LMV,DRAIN TAP,044-003-201,44,3,"Guide - Tappet, Prime Pump",0.0,LOW
9438383,GENERAL MOTORS CORP,"HOSE,FUEL,OIL,EVAP",044-001-013,44,1,Hose - Flexible,0.2,MEDIUM
9U5Z-9F945-C,FORD MOTOR CO,"ASSY, SOLENOID",044-016-005,44,16,Solenoid - Evaporative Emission Control,0.2,MEDIUM
9W7Z-9F593-B,FORD MOTOR CO,INJECTOR,044-014-000,44,14,Injectors - Electronic,0.0,LOW
A 681 883 09 01,FREIGHTLINER,"STEP-THREAD, BBOX",044-001-024,44,1,"Step - Strap, Fuel Tank",0.16666666666666666,MEDIUM
A0000701232,FREIGHTLINER,HPF LINE KIT,044-003-217,44,3,"Line - Fuel, high Plessure",0.16666666666666666,MEDIUM
A0000901351,MERCEDES-BENZ OF NA,"FILTER, FUEL, PRIMARY",044-002-001,44,2,"Filter Assembly - Fuel, Primary",0.75,HIGH
A0000901551,DETROIT DIESEL CORP,"FILTER, FUEL, PRIMARY",044-002-002,44,2,"Element - Fuel Filter, Primary",0.75,HIGH
A0000903651,DETROIT DIESEL CORP,"FUEL,WATER,SEPERATOR",044-002-016,44,2,"Element - Fuel Filter, Water Separator",0.3333333333333333,HIGH
A0000904851,DETROIT DIESEL CORP,"FILTER, FUEL/WATER SEPARATOR",044-002-016,44,2,"Element - Fuel Filter, Water Separator",0.8,HIGH
A0000905051,DETROIT DIESEL CORP,"FILTER, FUEL/WATER SEPERATOR",044-002-016,44,2,"Element - Fuel Filter, Water Separator",0.5,HIGH
A0000905151,DETROIT DIESEL CORP,"FILTER, FUEL, PRIMARY, KIT",044-002-019,44,2,"Replacement Kit - Elements, Euel Filter",0.2857142857142857,MEDIUM
A0000905251,DETROIT DIESEL CORP,"FILTER, FUEL/WATER SEPARATOR",044-002-002,44,2,"Element - Fuel Filter, Primary",0.3333333333333333,HIGH
A0000920910,DETROIT DIESEL CORP,"VALVE, FUEL PUMP, CHECK",044-003-047,44,3,Check Valve - Bleed-Back,0.3333333333333333,HIGH
A0001485007,DETROIT DIESEL CORP,FUEL FILTER,044-002-000,44,2,Filters,0.0,LOW
A0020941580,DETROIT DIESEL CORP,"GASKET, MANIFOLD, FUEL",044-003-015,44,3,Manifold - Fuel,0.6666666666666666,HIGH
A0029906714,FREIGHTLINER,"MOUNTING STUD, TURBO",044-001-011,44,1,Line - Fuel,0.0,LOW
A0060705301,FREIGHTLINER,LINE FUEL LOW PRE,044-001-011,44,1,Line - Fuel,0.5,HIGH
A0060705501,FREIGHTLINER,F/LINE KIT,044-003-158,44,3,Replacement Seal Kit - Fuel System Lines,0.125,LOW
A0071530228,DETROIT DIESEL CORP,"SENSOR, PRESSURE",044-000-000,44,0,Fuel System,0.0,LOW
A0111532028,DETROIT DIESEL CORP,"SENSOR, FUEL RAIL PRESSURE",044-003-251,44,3,Sensor Dail Salact,0.16666666666666666,MEDIUM
A01-31834-001,FREIGHTLINER,PEDAL-ACCELERATOR,044-007-032,44,7,"Bracket, All Cylinder - Milotte ControlBracket Alarm - Boverse Signal",0.0,LOW
A01-33819-000,FREIGHTLINER,"PEDAL, ACCELERATOR, ANALOGUE",044-007-032,44,7,"Bracket, All Cylinder - Milotte ControlBracket Alarm - Boverse Signal",0.0,LOW
A01-33820-001,FREIGHTLINER,"pedal, accelerator",044-007-032,44,7,"Bracket, All Cylinder - Milotte ControlBracket Alarm - Boverse Signal",0.0,LOW
A01-33821-001,FREIGHTLINER,PEDAL-ACCELERATOR,044-007-032,44,7,"Bracket, All Cylinder - Milotte ControlBracket Alarm - Boverse Signal",0.0,LOW
A0179978645,DETROIT DIESEL CORP,"O-RING, FUEL INJECTOR",044-004-010,44,4,,0.0,LOW
A0179978945,DETROIT DIESEL CORP,"O RING, MOUNTING",044-000-000,44,0,Fuel System,0.0,LOW
A03-23668-002,FREIGHTLINER,"BAND ASSY-25,PLN,FAI",044-001-019,44,1,Strap - Fuel TankStrap - Fuel Tank Desfar,0.0,LOW
A03-33883-002,FREIGHTLINER,"STRAP, FUEL TANK",044-001-019,44,1,Strap - Fuel TankStrap - Fuel Tank Desfar,0.6,HIGH
A03-33883-005,FREIGHTLINER,"STRAP, FUEL TANK",044-001-019,44,1,Strap - Fuel TankStrap - Fuel Tank Desfar,0.6,HIGH
A03-35654-401,FREIGHTLINER,"TANK, FUEL",044-001-001,44,1,Tank - Fuel,1.0,HIGH
A03-38042-000,FREIGHTLINER,"STRAP, TANK, FUEL",044-001-019,44,1,Strap - Fuel TankStrap - Fuel Tank Desfar,0.6,HIGH
A03-38910-000,FREIGHTLINER,"BAND, FUEL TANK MOUNT",044-001-019,44,1,Strap - Fuel TankStrap - Fuel Tank Desfar,0.2857142857142857,MEDIUM
A03-39644-180,FREIGHTLINER,FUEL TANK 25,044-001-001,44,1,Tank - Fuel,0.6666666666666666,HIGH
A03-39645-180,FREIGHTLINER,"TANK, FUEL",044-001-001,44,1,Tank - Fuel,1.0,HIGH
A03-39819-160,FREIGHTLINER,"FUEL,TANK",044-001-001,44,1,Tank - Fuel,1.0,HIGH
A03-39819-180,FREIGHTLINER,FUEL TANK,044-001-001,44,1,Tank - Fuel,1.0,HIGH
A03-40001-001,FREIGHTLINER,FUEL TANK STRAP,044-001-019,44,1,Strap - Fuel TankStrap - Fuel Tank Desfar,0.6,HIGH
A03-40924-181,FREIGHTLINER,"TANK, FUEL, 70 GALLON, RH",044-001-001,44,1,Tank - Fuel,0.4,HIGH
A03-40927-310,FREIGHTLINER,"FUEL TANK - 25 INCH, 30 DEGREE",044-001-001,44,1,Tank - Fuel,0.3333333333333333,HIGH
A03-43345-000,FREIGHTLINER,"TUBE ASSY, COOLANT SUPPLY",044-009-025,44,9,Hose Assembly - Fuel Heater,0.0,LOW
A04-35188-002,FREIGHTLINER,"TANK, DEF ASSEMBLY",044-001-000,44,1,"Tank - Fuel, Liquid",0.2,MEDIUM
A06-37217-055,FREIGHTLINER,SWITCH -PADDLE SET,044-011-007,44,11,Amplifier Assembly - GO,0.0,LOW
A064S965,CUMMINS ENGINE CO,FUEL PUMP,044-003-001,44,3,Fuel Pump Assembly,0.6666666666666666,HIGH
A064S967,CUMMINS ENGINE CO,"PUMP, FUEL",044-003-000,44,3,Fuel Pump,1.0,HIGH
A1393A,"PACCAR, INC.",STRAP-INSULATOR FUEL TANK,044-001-023,44,1,"Insulator - Strap, Fuel Tank",1.0,HIGH
A22-45245-110,FREIGHTLINER,"ASSY-STEP, FTANK",044-001-024,44,1,"Step - Strap, Fuel Tank",0.16666666666666666,MEDIUM
A22-57757-085,FREIGHTLINER,"STEP, FUEL TANK,850MM",044-001-024,44,1,"Step - Strap, Fuel Tank",0.6,HIGH
A22-74468-110,FREIGHTLINER,"STEP-FUEL TANK, 1100M",044-001-024,44,1,"Step - Strap, Fuel Tank",0.6,HIGH
A22-74468-125,FREIGHTLINER,"STEP-FUEL TANK,1250MM",044-001-024,44,1,"Step - Strap, Fuel Tank",0.6,HIGH
A23-13071-000,FREIGHTLINER,"FITTING, TEE, FUEL",044-001-012,44,1,Filling - Fuel Line Cooccup,0.16666666666666666,MEDIUM
A23-13071-001,FREIGHTLINER,"FITTING, TEE, FUEL",044-001-012,44,1,Filling - Fuel Line Cooccup,0.16666666666666666,MEDIUM
A30188,PRECISION BRAND PROD,"MODULE, PUMP, FUEL",044-003-001,44,3,Fuel Pump Assembly,0.5,HIGH
A31009,PRECISION BRAND PROD,FUEL PUMP,044-000-000,44,0,Fuel System,0.3333333333333333,HIGH
A4390007-005,AUTOCAR,FUEL SENSOR ISSPRO,044-001-100,44,1,Gasket - Filler Neck Fuel Tank,0.14285714285714285,LOW
A4600980180,FREIGHTLINER,GASKET-THROTTLE,044-003-155,44,3,Seal (Gasket/O-Ring) - Fuel Pump Mounting,0.125,LOW
A4700781810,DETROIT DIESEL CORP,"KIT, HP FUEL INJ LINE, SEALS",044-000-000,44,0,Fuel System,0.14285714285714285,LOW
A4700903151,DETROIT DIESEL CORP,"FILTER, FUEL, PRIMARY, KIT",044-002-019,44,2,"Replacement Kit - Elements, Euel Filter",0.2857142857142857,MEDIUM
A4700921608,DETROIT DIESEL CORP,"CAP, HOUSING, FILTER, FUEL",044-002-060,44,2,Cap Assembly - Top,0.16666666666666666,MEDIUM
A4710702235,DETROIT DIESEL CORP,FUEL LINE,044-000-000,44,0,Fuel System,0.3333333333333333,HIGH
A4710705235,FREIGHTLINER,LINE - FUEL PRESSURE,044-003-230,44,3,Line - Fuel Return,0.5,HIGH
A4710705335,FREIGHTLINER,LINE-FUEL,044-003-244,44,3,Line - Injector,0.3333333333333333,HIGH
A4710707232,FREIGHTLINER,FUEL LINE,044-003-158,44,3,Replacement Seal Kit - Fuel System Lines,0.14285714285714285,LOW
A4710708132,FREIGHTLINER,FUEL LINE,044-003-158,44,3,Replacement Seal Kit - Fuel System Lines,0.14285714285714285,LOW
A4710708435,FREIGHTLINER,FUEL LINE KT,044-003-234,44,3,Seal/O-Ring - Fuel Line,0.3333333333333333,HIGH
A4710709235,DETROIT DIESEL CORP,FUEL LINE,044-000-000,44,0,Fuel System,0.3333333333333333,HIGH
A4710780280,DETROIT DIESEL CORP,GASKET - FUEL LINE/FLANGE DD13,044-003-188,44,3,Gasket - Fuel Line,0.6,HIGH
A4710780510,FREIGHTLINER,FUEL LINE KIT,044-014-027,44,14,Hose - Feed High Pressure (HFUI),0.0,LOW
A4710780745,FREIGHTLINER,"ACCUMULATOR, PRESSURE",044-000-000,44,0,Fuel System,0.0,LOW
A4710780844,FREIGHTLINER,SEALING FLANGE,044-003-009,44,3,Gasket - Fuel Pump Flange Or Adapter,0.14285714285714285,LOW
A4710900955,FREIGHTLINER,"FILTER, 3-2 CONVERSION, FUEL",044-002-001,44,2,"Filter Assembly - Fuel, Primary",0.2857142857142857,MEDIUM
A4720703117,DETROIT DIESEL CORP,"FLANGE, SEALING",044-000-000,44,0,Fuel System,0.0,LOW
A4720706632,FREIGHTLINER,LINE FUEL LOW PRE,044-001-011,44,1,Line - Fuel,0.5,HIGH
A4720707232,DETROIT DIESEL CORP,"LINE, FUEL, HIGH PRESSURE PUMP",044-003-217,44,3,"Line - Fuel, high Plessure",0.5,HIGH
A4720707332,DETROIT DIESEL CORP,"LINE, FUEL, HIGH PRESSURE PUMP",044-003-217,44,3,"Line - Fuel, high Plessure",0.5,HIGH
A4720780180,MERCEDES-BENZ OF NA,"SEAL, INJECTOR",044-014-009,44,14,Seal - Electronic Injectors,0.25,MEDIUM
A4720780480,DETROIT DIESEL CORP,"SEAL, METAL, INJECTOR",044-003-147,44,3,"Seal - Adapter, Fuel Injector Lines",0.3333333333333333,HIGH
A4720900150,DETROIT DIESEL CORP,"PUMP, FUEL, PRIMER, HAND",044-002-046,44,2,"Plunger - Pump, Primer",0.4,HIGH
A4720920008,DETROIT DIESEL CORP,"CAP, HOUSING, FILTER, FUEL",044-002-060,44,2,Cap Assembly - Top,0.16666666666666666,MEDIUM
A4720920908,FREIGHTLINER,CAP,044-001-002,44,1,Cap - Fuel TankCap - Fuel Tank Deefer,0.2,MEDIUM
A4720921705,DETROIT DIESEL CORP,"FILTER, FUEL, PRIMARY, KIT",044-002-019,44,2,"Replacement Kit - Elements, Euel Filter",0.2857142857142857,MEDIUM
A4720940160,FREIGHTLINER,O-RING FUEL LINE,044-003-240,44,3,"Fitting - Engine, Fuel Line, Hose, Tube, Plumbing",0.2222222222222222,MEDIUM
A4720980080,FREIGHTLINER,MOUNTING SEAL,044-003-155,44,3,Seal (Gasket/O-Ring) - Fuel Pump Mounting,0.2857142857142857,MEDIUM
A4720980680,FREIGHTLINER,GASKET- TUBE EGR,044-003-078,44,3,Mounting Gasket - Injection Pump,0.16666666666666666,MEDIUM
A4720980880,FREIGHTLINER,MOUNTING SEAL,044-003-155,44,3,Seal (Gasket/O-Ring) - Fuel Pump Mounting,0.2857142857142857,MEDIUM
A4721531328,DETROIT DIESEL CORP,FILL LEVEL SENSOR WATER SEPERA,044-002-020,44,2,Soal Tash Drive,0.0,LOW
A4729971945,FREIGHTLINER,SEALING RING,044-000-000,44,0,Fuel System,0.0,LOW
A4730920508,DETROIT DIESEL CORP,"CAP, HOUSING, FILTER, FUEL",044-002-060,44,2,Cap Assembly - Top,0.16666666666666666,MEDIUM
A5410900151,MERCEDES-BENZ OF NA,"FILTER, FUEL, PRIMARY",044-002-002,44,2,"Element - Fuel Filter, Primary",0.75,HIGH
A66-33610-000,FREIGHTLINER,FUEL GAUGE HARNESS,044-001-018,44,1,Wiring Harness - Fuel Tank Gauge,0.6,HIGH
A6809970271,FREIGHTLINER,COUPLING,044-003-021,44,3,Coupling - Injection Drive,0.3333333333333333,HIGH
A9060170524,DETROIT DIESEL CORP,"LINE, FUEL",044-000-000,44,0,Fuel System,0.3333333333333333,HIGH
A9060702433,DETROIT DIESEL CORP,"LINE, FUEL",044-001-011,44,1,Line - Fuel,1.0,HIGH
A9060905176,FREIGHTLINER,"LINE, FUEL",044-003-217,44,3,"Line - Fuel, high Plessure",0.5,HIGH
A9360780180,FREIGHTLINER,O RING FUEL LINE,044-003-234,44,3,Seal/O-Ring - Fuel Line,0.8,HIGH
A9360900651,DETROIT DIESEL CORP,"FILTER, FUEL, PRIMARY, KIT",044-002-019,44,2,"Replacement Kit - Elements, Euel Filter",0.2857142857142857,MEDIUM
A9900920108,DETROIT DIESEL CORP,"CAP, HOUSING, FILTER, FUEL",044-002-060,44,2,Cap Assembly - Top,0.16666666666666666,MEDIUM
ACD 20944819,ACDELCO,"PIPE, CANISTER PURGE VALVE",044-016-011,44,16,Purge Valve - Evaporative Canister,0.6,HIGH
AM117584,JOHN DEERE LTD.,"FILTER, FUEL, PRIMARY",044-002-001,44,2,"Filter Assembly - Fuel, Primary",0.75,HIGH
AM141445,JOHN DEERE LTD.,"FILTER, FUEL, PRIMARY",044-002-001,44,2,"Filter Assembly - Fuel, Primary",0.75,HIGH
APS549,STANDARD,"SENSOR, ACCELERATOR PEDAL",044-007-110,44,7,"Sensor - Position, Accelerator Pedal",0.75,HIGH
ASA6256S,THERMO KING,FUEL TANK STRAP,044-001-019,44,1,Strap - Fuel TankStrap - Fuel Tank Desfar,0.6,HIGH
ATD-393,ATD TOOLS,HEAT SHRINK TUBE,044-000-000,44,0,Fuel System,0.0,LOW
ATKW2002,PETERBILT MOTORS CO,"TANK, 47 GALLON FUEL",044-001-000,44,1,"Tank - Fuel, Liquid",0.4,HIGH
BC27-9002-B,FORD MOTOR CO,"TANK, FUEL",044-001-001,44,1,Tank - Fuel,1.0,HIGH
BC2Z-9002-B,FORD MOTOR CO,"TANK, FUEL",044-001-001,44,1,Tank - Fuel,1.0,HIGH
BC3Z-9H307-C,FORD MOTOR CO,SENDER AND PUMP ASY,044-000-000,44,0,Fuel System,0.0,LOW
BL3Z-9B325-C,FORD MOTOR CO,FUEL PIPE/ FUEL REGULATOR,044-016-000,44,16,Evaporative Emission Control,0.0,LOW
CK4Z-5427936-H,FORD MOTOR CO,"HOUSING, FUEL FILLER",044-000-000,44,0,Fuel System,0.25,MEDIUM
CK4Z-5427936-J,FORD MOTOR CO,"FUEL,FILLER,HOUSING",044-001-067,44,1,Guard Fuel Fill,0.2,MEDIUM
CK4Z-61405A26-B,FORD MOTOR CO,"FUEL, TANK,ACCESS,DOOR",044-001-002,44,1,Cap - Fuel TankCap - Fuel Tank Deefer,0.2857142857142857,MEDIUM
CK4Z-9002-E,FORD MOTOR CO,"FUEL,TANK,ASSEMBLY",044-001-001,44,1,Tank - Fuel,0.6666666666666666,HIGH
CK4Z-9155-J,FORD MOTOR CO,"FILTER, FUEL",044-002-001,44,2,"Filter Assembly - Fuel, Primary",0.5,HIGH
CK4Z-9F836-C,FORD MOTOR CO,"pedal, accelerator",044-007-032,44,7,"Bracket, All Cylinder - Milotte ControlBracket Alarm - Boverse Signal",0.0,LOW
CK4Z-9H307-C,FORD MOTOR CO,"PUMP, FUEL",044-003-001,44,3,Fuel Pump Assembly,0.6666666666666666,HIGH
CK4Z-9H307-F,FORD MOTOR CO,"PUMP,FUEL,SENDER,ASSY",044-003-001,44,3,Fuel Pump Assembly,0.4,HIGH
CP471,STANDARD,"PURGE SOLENOID, VAPOR CANISTER",044-016-005,44,16,Solenoid - Evaporative Emission Control,0.14285714285714285,LOW
CP596,STANDARD,"SOLENOID, PURGE VAPOR CANISTER",044-012-017,44,12,"Solenoid Valve - Fuel Tank, Gaseous",0.125,LOW
CP758,STANDARD,PURGE VALVE,044-016-011,44,16,Purge Valve - Evaporative Canister,0.5,HIGH
CP806,STANDARD,PURGE SOLENOID,044-016-005,44,16,Solenoid - Evaporative Emission Control,0.2,MEDIUM
CV6Z 9D289,FORD MOTOR CO,FUEL TUBE ASSY.,044-000-000,44,0,Fuel System,0.25,MEDIUM
CX2360,MOTORCRAFT CORP.,"VALVE, PURGE, VAPOUR CANISTER",044-016-011,44,16,Purge Valve - Evaporative Canister,0.6,HIGH
D21-6024,"PACCAR, INC.","THROTTLE PEDAL, ELECTIC",044-007-032,44,7,"Bracket, All Cylinder - Milotte ControlBracket Alarm - Boverse Signal",0.0,LOW
DDE A4720920908,DETROIT DIESEL CORP,"CAP, FUEL, FILTER",044-002-060,44,2,Cap Assembly - Top,0.2,MEDIUM
DDE A4721506233,DETROIT DIESEL CORP,"WIRING HARNESS, FUEL",044-014-002,44,14,Wiring Harness - Electronic Injectors,0.4,HIGH
DDE A9060170860,DETROIT DIESEL CORP,"SEAL, INJECTOR",044-014-047,44,14,Gasket - Fuel Injector,0.25,MEDIUM
DDE A9361500437,DETROIT DIESEL CORP,INJECTOR WIRING,044-014-002,44,14,Wiring Harness - Electronic Injectors,0.2,MEDIUM
DDE/A4700780449,DETROIT DIESEL CORP,PRIMING PUMP,044-003-000,44,3,Fuel Pump,0.3333333333333333,HIGH
"DIESEL, FUEL -HEATER",FREIGHTLINER,"DIESEL, FUEL -HEATER",044-000-000,44,0,Fuel System,0.25,MEDIUM
DV6Z-8N195-A,FORD MOTOR CO,"COOLANT, HOSE, BRACKET",044-001-075,44,1,Support Bracket - Fuel Lines,0.16666666666666666,MEDIUM
DVC 103594DAV,"DAVCO, INC.","HEATER, PTC 12V - 155W",044-002-000,44,2,Filters,0.0,LOW
DY1334,MOTORCRAFT CORP.,"SENSOR, EXHAUST GAS, OXY",044-016-010,44,16,Sensor - Fuel Tank Pressure,0.14285714285714285,LOW
DY1337,MOTORCRAFT CORP.,"SENSOR, HEGO",044-016-010,44,16,Sensor - Fuel Tank Pressure,0.2,MEDIUM
EA4710701387,FREIGHTLINER,KIT- INJ HDEP GHG17,044-014-001,44,14,Injector Assembly - Electronic,0.0,LOW
EA4710900850,DETROIT DIESEL CORP,"INJECTION PUMP, DIESEL",044-003-027,44,3,Pump - Luer Leea,0.2,MEDIUM
EA4730903852,DETROIT DIESEL CORP,"HOUSING, FILTER, FUEL, PRIMARY",044-002-092,44,2,Housing - Fuel Filter,0.75,HIGH
EA4730904352,DETROIT DIESEL CORP,"HOUSING, FILTER, FUEL",044-002-092,44,2,Housing - Fuel Filter,1.0,HIGH
FC4Z-9030-A,FORD MOTOR CO,"CAP, ASSY, FUEL TANK",044-001-002,44,1,Cap - Fuel TankCap - Fuel Tank Deefer,0.5,HIGH
FD4616,MOTORCRAFT CORP.,"FILTER, FUEL/WATER SEPARATOR",044-002-016,44,2,"Element - Fuel Filter, Water Separator",0.8,HIGH
FD4637,MOTORCRAFT CORP.,"FILTER, FUEL, PRIMARY, KIT",044-002-019,44,2,"Replacement Kit - Elements, Euel Filter",0.2857142857142857,MEDIUM
FD4647,MOTORCRAFT CORP.,"FILTER, FUEL, PRIMARY",044-002-019,44,2,"Replacement Kit - Elements, Euel Filter",0.14285714285714285,LOW
FF105,FLEETGUARD,"FILTER, FUEL, PRIMARY",044-002-001,44,2,"Filter Assembly - Fuel, Primary",0.75,HIGH
FF149,FLEETGUARD,"FILTER, FUEL, PRIMARY",044-002-001,44,2,"Filter Assembly - Fuel, Primary",0.75,HIGH
FF204,FLEETGUARD,"FILTER, FUEL, PRIMARY",044-002-001,44,2,"Filter Assembly - Fuel, Primary",0.75,HIGH
FF2200,FLEETGUARD,"FILTER, FUEL, PRIMARY",044-002-002,44,2,"Element - Fuel Filter, Primary",0.75,HIGH
FF2203,FLEETGUARD,"FILTER, FUEL, PRIMARY",044-002-001,44,2,"Filter Assembly - Fuel, Primary",0.75,HIGH
FF236,FLEETGUARD,"FILTER, FUEL, PRIMARY",044-002-002,44,2,"Element - Fuel Filter, Primary",0.75,HIGH
FF252,FLEETGUARD,"FILTER, FUEL, PRIMARY",044-002-001,44,2,"Filter Assembly - Fuel, Primary",0.75,HIGH
FF254,FLEETGUARD,"FILTER, FUEL, SECONDARY",044-002-007,44,2,"Pulley - Flywrieer, AFO",0.0,LOW
FF260,FLEETGUARD,"FILTER, FUEL, PRIMARY",044-002-001,44,2,"Filter Assembly - Fuel, Primary",0.75,HIGH
FF276,FLEETGUARD,"FILTER, FUEL, PRIMARY",044-002-001,44,2,"Filter Assembly - Fuel, Primary",0.75,HIGH
FF4136,FLEETGUARD,"FILTER, FUEL, PRIMARY",044-002-001,44,2,"Filter Assembly - Fuel, Primary",0.75,HIGH
FF42000,FLEETGUARD,"FILTER, FUEL, PRIMARY",044-002-001,44,2,"Filter Assembly - Fuel, Primary",0.75,HIGH
FF42102,FLEETGUARD,"FILTER, FUEL, PRIMARY",044-002-001,44,2,"Filter Assembly - Fuel, Primary",0.75,HIGH
FF42128NN,FLEETGUARD,"FILTER, FUEL, PRIMARY",044-002-001,44,2,"Filter Assembly - Fuel, Primary",0.75,HIGH
FF42131,FLEETGUARD,"FILTER, FUEL, PRIMARY",044-002-001,44,2,"Filter Assembly - Fuel, Primary",0.75,HIGH
FF42220,FLEETGUARD,"FILTER, FUEL, SECONDARY",044-002-003,44,2,"Clamp - Mounting, Filter Assembly",0.16666666666666666,MEDIUM
FF5045,FLEETGUARD,"FILTER, FUEL, PRIMARY",044-002-001,44,2,"Filter Assembly - Fuel, Primary",0.75,HIGH
FF5052,FLEETGUARD,"FILTER, FUEL, PRIMARY",044-002-001,44,2,"Filter Assembly - Fuel, Primary",0.75,HIGH
FF5089,FLEETGUARD,"FILTER, FUEL, PRIMARY",044-002-001,44,2,"Filter Assembly - Fuel, Primary",0.75,HIGH
FF5108,FLEETGUARD,"FILTER, FUEL, PRIMARY",044-002-001,44,2,"Filter Assembly - Fuel, Primary",0.75,HIGH
FF5160,FLEETGUARD,"FILTER, FUEL, PRIMARY",044-002-001,44,2,"Filter Assembly - Fuel, Primary",0.75,HIGH
FF5206,FLEETGUARD,"FILTER, FUEL, PRIMARY",044-002-001,44,2,"Filter Assembly - Fuel, Primary",0.75,HIGH
FF5269,FLEETGUARD,"FILTER, FUEL, PRIMARY",044-002-001,44,2,"Filter Assembly - Fuel, Primary",0.75,HIGH
FF5301,FLEETGUARD,"FILTER, FUEL, PRIMARY",044-002-001,44,2,"Filter Assembly - Fuel, Primary",0.75,HIGH
FF5319,FLEETGUARD,"FILTER, FUEL, PRIMARY",044-002-001,44,2,"Filter Assembly - Fuel, Primary",0.75,HIGH
FF5324,FLEETGUARD,"FILTER, FUEL, PRIMARY",044-002-001,44,2,"Filter Assembly - Fuel, Primary",0.75,HIGH
FF5369W,FLEETGUARD,"FILTER, FUEL, PRIMARY",044-002-002,44,2,"Element - Fuel Filter, Primary",0.75,HIGH
FF5380,FLEETGUARD,"FILTER, FUEL, PRIMARY",044-002-002,44,2,"Element - Fuel Filter, Primary",0.75,HIGH
FF5405,FLEETGUARD,"FILTER, FUEL, PRIMARY",044-002-002,44,2,"Element - Fuel Filter, Primary",0.75,HIGH
FF5418,FLEETGUARD,"FILTER, FUEL, PRIMARY",044-002-002,44,2,"Element - Fuel Filter, Primary",0.75,HIGH
FF5421,FLEETGUARD,"FILTER, FUEL, PRIMARY",044-002-001,44,2,"Filter Assembly - Fuel, Primary",0.75,HIGH
FF5455,FLEETGUARD,"FILTER, FUEL, PRIMARY",044-002-001,44,2,"Filter Assembly - Fuel, Primary",0.75,HIGH
FF5461,FLEETGUARD,"FILTER, FUEL, PRIMARY",044-002-001,44,2,"Filter Assembly - Fuel, Primary",0.75,HIGH
FF5480,FLEETGUARD,"FILTER, FUEL, PRIMARY",044-002-001,44,2,"Filter Assembly - Fuel, Primary",0.75,HIGH
FF5507,FLEETGUARD,"FILTER, FUEL, SECONDARY",044-002-003,44,2,"Clamp - Mounting, Filter Assembly",0.16666666666666666,MEDIUM
FF5612,FLEETGUARD,"FILTER, FUEL, PRIMARY",044-002-001,44,2,"Filter Assembly - Fuel, Primary",0.75,HIGH
FF5616,FLEETGUARD,"FILTER, FUEL, PRIMARY",044-002-001,44,2,"Filter Assembly - Fuel, Primary",0.75,HIGH
FF5632,FLEETGUARD,"FILTER, FUEL, PRIMARY",044-002-001,44,2,"Filter Assembly - Fuel, Primary",0.75,HIGH
FF5636,FLEETGUARD,"FILTER, FUEL, PRIMARY",044-002-001,44,2,"Filter Assembly - Fuel, Primary",0.75,HIGH
FF5639W,FLEETGUARD,"FILTER, FUEL, PRIMARY",044-002-002,44,2,"Element - Fuel Filter, Primary",0.75,HIGH
FF5675,FLEETGUARD,"FILTER, FUEL, PRIMARY",044-002-001,44,2,"Filter Assembly - Fuel, Primary",0.75,HIGH
FF5686,FLEETGUARD,"FILTER, FUEL, PRIMARY",044-002-001,44,2,"Filter Assembly - Fuel, Primary",0.75,HIGH
FF5690,FLEETGUARD,"FILTER, FUEL, PRIMARY",044-002-002,44,2,"Element - Fuel Filter, Primary",0.75,HIGH
FF5775,FLEETGUARD,"FILTER, FUEL, PRIMARY",044-002-002,44,2,"Element - Fuel Filter, Primary",0.75,HIGH
FF5776,FLEETGUARD,"FILTER, FUEL, PRIMARY",044-002-001,44,2,"Filter Assembly - Fuel, Primary",0.75,HIGH
FF5813,FLEETGUARD,"FILTER, FUEL, PRIMARY",044-002-001,44,2,"Filter Assembly - Fuel, Primary",0.75,HIGH
FF5816,FLEETGUARD,"FILTER, FUEL, PRIMARY",044-002-001,44,2,"Filter Assembly - Fuel, Primary",0.75,HIGH
FF5825NN,FLEETGUARD,"FILTER, FUEL, PRIMARY",044-002-001,44,2,"Filter Assembly - Fuel, Primary",0.75,HIGH
FF5871,FLEETGUARD,"FILTER, FUEL, PRIMARY",044-002-002,44,2,"Element - Fuel Filter, Primary",0.75,HIGH
FF5877,FLEETGUARD,"FILTER, FUEL, PRIMARY",044-002-001,44,2,"Filter Assembly - Fuel, Primary",0.75,HIGH
FF5971NN,FLEETGUARD,"FILTER, FUEL, PRIMARY",044-002-001,44,2,"Filter Assembly - Fuel, Primary",0.75,HIGH
FF5973,FLEETGUARD,"FILTER, FUEL, PRIMARY",044-002-002,44,2,"Element - Fuel Filter, Primary",0.75,HIGH
FF5974,FLEETGUARD,"FILTER, FUEL, PRIMARY",044-002-002,44,2,"Element - Fuel Filter, Primary",0.75,HIGH
FF5995,FLEETGUARD,"FILTER, FUEL, PRIMARY",044-002-002,44,2,"Element - Fuel Filter, Primary",0.75,HIGH
FF63041NN,FLEETGUARD,"FILTER, FUEL, PRIMARY",044-002-001,44,2,"Filter Assembly - Fuel, Primary",0.75,HIGH
FF63054NN,FLEETGUARD,"FILTER, FUEL, PRIMARY",044-002-001,44,2,"Filter Assembly - Fuel, Primary",0.75,HIGH
FF73100,FLEETGUARD,"FILTER, FUEL, PRIMARY",044-002-001,44,2,"Filter Assembly - Fuel, Primary",0.75,HIGH
FJ1089,OREILLY AUTO PARTS,FUEL INJECTOR,044-004-001,44,4,Injector Assembly - Mechanical,0.25,MEDIUM
FK11011,FLEETGUARD,"FILTER, FUEL, PRIMARY, KIT",044-002-019,44,2,"Replacement Kit - Elements, Euel Filter",0.2857142857142857,MEDIUM
FK11020,FLEETGUARD,"FILTER, FUEL, PRIMARY, KIT",044-002-019,44,2,"Replacement Kit - Elements, Euel Filter",0.2857142857142857,MEDIUM
FK13850NN,FLEETGUARD,"FILTER, FUEL, PRIMARY, KIT",044-002-019,44,2,"Replacement Kit - Elements, Euel Filter",0.2857142857142857,MEDIUM
FK22004,FLEETGUARD,"FILTER, FUEL, PRIMARY, KIT",044-002-019,44,2,"Replacement Kit - Elements, Euel Filter",0.2857142857142857,MEDIUM
FK22005,FLEETGUARD,"FILTER, FUEL, PRIMARY, KIT",044-002-019,44,2,"Replacement Kit - Elements, Euel Filter",0.2857142857142857,MEDIUM
FK48002,FLEETGUARD,"FILTER, FUEL, PRIMARY, KIT",044-002-019,44,2,"Replacement Kit - Elements, Euel Filter",0.2857142857142857,MEDIUM
FK48004,FLEETGUARD,"FILTER, FUEL, PRIMARY, KIT",044-002-019,44,2,"Replacement Kit - Elements, Euel Filter",0.2857142857142857,MEDIUM
FK48555,FLEETGUARD,"FILTER, FUEL, PRIMARY, KIT",044-002-019,44,2,"Replacement Kit - Elements, Euel Filter",0.2857142857142857,MEDIUM
FK48556,FLEETGUARD,"FILTER, FUEL, PRIMARY, KIT",044-002-019,44,2,"Replacement Kit - Elements, Euel Filter",0.2857142857142857,MEDIUM
FNH215,PRECISION BRAND PROD,"HOSE, FILLER NECK",044-012-001,44,12,"Filler Neck - Fuel Tank, Gaseous",0.3333333333333333,HIGH
FPM120,STANDARD,"MODULE, FUEL PUMP",044-003-000,44,3,Fuel Pump,0.6666666666666666,HIGH
FS1000,FLEETGUARD,"FILTER, FUEL/WATER SEPARATOR",044-002-087,44,2,"Filter - Fuel Filter, Water Separator",1.0,HIGH
FS1003,FLEETGUARD,"FILTER, FUEL/WATER SEPARATOR",044-002-087,44,2,"Filter - Fuel Filter, Water Separator",1.0,HIGH
FS1029W,FLEETGUARD,"FILTER, FUEL/WATER SEPARATOR",044-002-002,44,2,"Element - Fuel Filter, Primary",0.3333333333333333,HIGH
FS1065,FLEETGUARD,"FILTER, FUEL/WATER SEPARATOR",044-002-087,44,2,"Filter - Fuel Filter, Water Separator",1.0,HIGH
FS1067,FLEETGUARD,"FILTER, FUEL/WATER SEPARATOR",044-002-087,44,2,"Filter - Fuel Filter, Water Separator",1.0,HIGH
FS1098,FLEETGUARD,"FILTER, FUEL/WATER SEPARATOR",044-002-087,44,2,"Filter - Fuel Filter, Water Separator",1.0,HIGH
FS1212,FLEETGUARD,"FILTER, FUEL/WATER SEPARATOR",044-002-087,44,2,"Filter - Fuel Filter, Water Separator",1.0,HIGH
FS1251,FLEETGUARD,"FILTER, FUEL/WATER SEPARATOR",044-002-087,44,2,"Filter - Fuel Filter, Water Separator",1.0,HIGH
FS1269,FLEETGUARD,"HOUSING, FUEL/WATER SEPARATOR",044-002-092,44,2,Housing - Fuel Filter,0.4,HIGH
FS1280,FLEETGUARD,"FILTER, FUEL/WATER SEPARATOR",044-002-087,44,2,"Filter - Fuel Filter, Water Separator",1.0,HIGH
FS1281,FLEETGUARD,"FILTER, FUEL/WATER SEPARATOR",044-002-087,44,2,"Filter - Fuel Filter, Water Separator",1.0,HIGH
FS1285,FLEETGUARD,"FILTER, FUEL/WATER SEPARATOR",044-002-004,44,2,,0.0,LOW
FS1287,FLEETGUARD,"FILTER, FUEL/WATER SEPARATOR",044-002-087,44,2,"Filter - Fuel Filter, Water Separator",1.0,HIGH
FS1291,FLEETGUARD,"FILTER, FUEL/WATER SEPARATOR",044-002-087,44,2,"Filter - Fuel Filter, Water Separator",1.0,HIGH
FS19513,FLEETGUARD,"FILTER, FUEL/WATER SEPARATOR",044-002-087,44,2,"Filter - Fuel Filter, Water Separator",1.0,HIGH
FS19532,FLEETGUARD,"FILTER, FUEL/WATER SEPARATOR",044-002-087,44,2,"Filter - Fuel Filter, Water Separator",1.0,HIGH
FS19536,FLEETGUARD,"FILTER, FUEL/WATER SEPARATOR",044-002-016,44,2,"Element - Fuel Filter, Water Separator",0.8,HIGH
FS19551,FLEETGUARD,"FILTER, FUEL/WATER SEPARATOR",044-002-087,44,2,"Filter - Fuel Filter, Water Separator",1.0,HIGH
FS19560,FLEETGUARD,"FILTER, FUEL/WATER SEPARATOR",044-002-087,44,2,"Filter - Fuel Filter, Water Separator",1.0,HIGH
FS19580,FLEETGUARD,"FILTER, FUEL/WATER SEPARATOR",044-002-087,44,2,"Filter - Fuel Filter, Water Separator",1.0,HIGH
FS19580A,FLEETGUARD,"FILTER, FUEL/WATER SEPARATOR",044-002-016,44,2,"Element - Fuel Filter, Water Separator",0.8,HIGH
FS19591,FLEETGUARD,"FILTER, FUEL/WATER SEPARATOR",044-002-087,44,2,"Filter - Fuel Filter, Water Separator",1.0,HIGH
FS19596,FLEETGUARD,"FILTER, FUEL/WATER SEPARATOR",044-002-087,44,2,"Filter - Fuel Filter, Water Separator",1.0,HIGH
FS19598,FLEETGUARD,"FILTER, FUEL/WATER SEPARATOR",044-002-016,44,2,"Element - Fuel Filter, Water Separator",0.8,HIGH
FS19624,FLEETGUARD,"FILTER, FUEL/WATER SEPARATOR",044-002-016,44,2,"Element - Fuel Filter, Water Separator",0.8,HIGH
FS19684E,FLEETGUARD,"FILTER, FUEL/WATER SEPARATOR",044-002-016,44,2,"Element - Fuel Filter, Water Separator",0.8,HIGH
FS19687,FLEETGUARD,"FILTER, FUEL/WATER SEPARATOR",044-002-087,44,2,"Filter - Fuel Filter, Water Separator",1.0,HIGH
FS19727,FLEETGUARD,"FILTER, FUEL/WATER SEPARATOR",044-002-016,44,2,"Element - Fuel Filter, Water Separator",0.8,HIGH
FS19729,FLEETGUARD,"FILTER, FUEL/WATER SEPARATOR",044-002-016,44,2,"Element - Fuel Filter, Water Separator",0.8,HIGH
FS19732,FLEETGUARD,"FILTER, FUEL/WATER SEPARATOR",044-002-087,44,2,"Filter - Fuel Filter, Water Separator",1.0,HIGH
FS19761,FLEETGUARD,"FILTER, FUEL/WATER SEPARATOR",044-002-016,44,2,"Element - Fuel Filter, Water Separator",0.8,HIGH
FS19763,FLEETGUARD,"FILTER, FUEL/WATER SEPARATOR",044-002-016,44,2,"Element - Fuel Filter, Water Separator",0.8,HIGH
FS19764,FLEETGUARD,"FILTER, FUEL/WATER SEPARATOR",044-002-016,44,2,"Element - Fuel Filter, Water Separator",0.8,HIGH
FS19764G,FLEETGUARD,"FILTER, FUEL/WATER SEPARATOR",044-002-016,44,2,"Element - Fuel Filter, Water Separator",0.8,HIGH
FS19765,FLEETGUARD,"FILTER, FUEL/WATER SEPARATOR",044-002-016,44,2,"Element - Fuel Filter, Water Separator",0.8,HIGH
FS19797,FLEETGUARD,"FILTER, FUEL/WATER SEPARATOR",044-002-016,44,2,"Element - Fuel Filter, Water Separator",0.8,HIGH
FS19798,FLEETGUARD,"FILTER, FUEL/WATER SEPARATOR",044-002-087,44,2,"Filter - Fuel Filter, Water Separator",1.0,HIGH
FS19844,FLEETGUARD,"FILTER, FUEL/WATER SEPARATOR",044-002-016,44,2,"Element - Fuel Filter, Water Separator",0.8,HIGH
FS19869,FLEETGUARD,"FILTER, FUEL/WATER SEPARATOR",044-002-016,44,2,"Element - Fuel Filter, Water Separator",0.8,HIGH
FS19905G,FLEETGUARD,"FILTER, FUEL/WATER SEPARATOR",044-002-016,44,2,"Element - Fuel Filter, Water Separator",0.8,HIGH
FS19915,FLEETGUARD,"FILTER, FUEL/WATER SEPARATOR",044-002-016,44,2,"Element - Fuel Filter, Water Separator",0.8,HIGH
FS19942,FLEETGUARD,"FILTER, FUEL/WATER SEPARATOR",044-002-087,44,2,"Filter - Fuel Filter, Water Separator",1.0,HIGH
FS19947,FLEETGUARD,"FILTER, FUEL/WATER SEPARATOR",044-002-016,44,2,"Element - Fuel Filter, Water Separator",0.8,HIGH
FS19966,FLEETGUARD,"FILTER, FUEL/WATER SEPARATOR",044-002-087,44,2,"Filter - Fuel Filter, Water Separator",1.0,HIGH
FS19974,FLEETGUARD,"FILTER, FUEL/WATER SEPARATOR",044-002-087,44,2,"Filter - Fuel Filter, Water Separator",1.0,HIGH
FS20028,FLEETGUARD,"FILTER, FUEL/WATER SEPARATOR",044-002-004,44,2,,0.0,LOW
FS20040,FLEETGUARD,"FILTER, FUEL/WATER SEPARATOR",044-002-087,44,2,"Filter - Fuel Filter, Water Separator",1.0,HIGH
FS20081,FLEETGUARD,"FILTER, FUEL/WATER SEPARATOR",044-002-016,44,2,"Element - Fuel Filter, Water Separator",0.8,HIGH
FS20083,FLEETGUARD,"FILTER, FUEL/WATER SEPARATOR",044-002-016,44,2,"Element - Fuel Filter, Water Separator",0.8,HIGH
FS20087,FLEETGUARD,"FILTER, FUEL/WATER SEPARATOR",044-002-016,44,2,"Element - Fuel Filter, Water Separator",0.8,HIGH
FS20089,FLEETGUARD,"FILTER, FUEL/WATER SEPARATOR",044-002-016,44,2,"Element - Fuel Filter, Water Separator",0.8,HIGH
FS20091,FLEETGUARD,"FILTER, FUEL/WATER SEPARATOR",044-002-087,44,2,"Filter - Fuel Filter, Water Separator",1.0,HIGH
FS20121,FLEETGUARD,"FILTER, FUEL/WATER SEPARATOR",044-002-087,44,2,"Filter - Fuel Filter, Water Separator",1.0,HIGH
FS20128,FLEETGUARD,"FILTER, FUEL/WATER SEPARATOR",044-002-016,44,2,"Element - Fuel Filter, Water Separator",0.8,HIGH
FS20132,FLEETGUARD,"FILTER, FUEL/WATER SEPARATOR",044-002-087,44,2,"Filter - Fuel Filter, Water Separator",1.0,HIGH
FS20172,FLEETGUARD,"FILTER, FUEL/WATER SEPARATOR",044-002-016,44,2,"Element - Fuel Filter, Water Separator",0.8,HIGH
FS20176,FLEETGUARD,"FILTER, FUEL/WATER SEPARATOR",044-002-016,44,2,"Element - Fuel Filter, Water Separator",0.8,HIGH
FS20194,FLEETGUARD,"FILTER, FUEL/WATER SEPARATOR",044-002-016,44,2,"Element - Fuel Filter, Water Separator",0.8,HIGH
FS20207,FLEETGUARD,"FILTER, FUEL/WATER SEPARATOR",044-002-016,44,2,"Element - Fuel Filter, Water Separator",0.8,HIGH
FS20208,FLEETGUARD,"FILTER, FUEL/WATER SEPARATOR",044-002-016,44,2,"Element - Fuel Filter, Water Separator",0.8,HIGH
FS20288,FLEETGUARD,"FILTER, FUEL/WATER SEPARATOR",044-002-087,44,2,"Filter - Fuel Filter, Water Separator",1.0,HIGH
FS20313,FLEETGUARD,"FILTER, FUEL/WATER SEPARATOR",044-002-016,44,2,"Element - Fuel Filter, Water Separator",0.8,HIGH
FS20385,FLEETGUARD,"FILTER, FUEL/WATER SEPARATOR",044-002-016,44,2,"Element - Fuel Filter, Water Separator",0.8,HIGH
FS36401,FLEETGUARD,"FILTER, FUEL/WATER SEPARATOR",044-002-016,44,2,"Element - Fuel Filter, Water Separator",0.8,HIGH
FS53000,FLEETGUARD,"FILTER, FUEL/WATER SEPARATOR",044-002-016,44,2,"Element - Fuel Filter, Water Separator",0.8,HIGH
FTA-C-68-P,PETERBILT MOTORS CO,FUEL CAP,044-000-000,44,0,Fuel System,0.3333333333333333,HIGH
FTC003,PETERBILT MOTORS CO,FUEL CAP,044-012-021,44,12,Cap - Gaseous Fuel Tank,0.5,HIGH
GA8Z-9D370-A,FORD MOTOR CO,FUEL PUMP MODULE,044-000-000,44,0,Fuel System,0.25,MEDIUM
GSTS-21359,NEWSTAR,FUEL CAP,044-000-000,44,0,Fuel System,0.3333333333333333,HIGH
GT360,ACDELCO,FUEL CAP,044-001-002,44,1,Cap - Fuel TankCap - Fuel Tank Deefer,0.4,HIGH
HC3Z-9J305-A,FORD MOTOR CO,PLUG ASY,044-002-001,44,2,"Filter Assembly - Fuel, Primary",0.0,LOW
JK4Z-9034-G,FORD MOTOR CO,"FILLER,PIPE",044-000-000,44,0,Fuel System,0.0,LOW
K161-793-22,KENWORTH TRUCK CO,"LINING, FUEL TANK STRAP",044-001-000,44,1,"Tank - Fuel, Liquid",0.4,HIGH
K22-1029,"PACCAR, INC.","CAP, FUEL",044-001-002,44,1,Cap - Fuel TankCap - Fuel Tank Deefer,0.4,HIGH
K22-6027,"PACCAR, INC.","PLATE, STEP, FUEL TANK",044-001-069,44,1,"Tapping Plate - Support, Fuel Tank Step",0.6666666666666666,HIGH
K37-1004,"PACCAR, INC.","FILTER, FUEL/WATER SEPARATOR",044-002-016,44,2,"Element - Fuel Filter, Water Separator",0.8,HIGH
K37-1012,KENWORTH TRUCK CO,FUEL ELEMENT,044-002-016,44,2,"Element - Fuel Filter, Water Separator",0.4,HIGH
K444-0486N0102M135,"PACCAR, INC.","135GAL TANK,  ALUM FUEL",044-001-001,44,1,Tank - Fuel,0.5,HIGH
K80-6005,"PACCAR, INC.","SPACER, STEP, FUEL TANK",044-001-059,44,1,"Bracket - Step, Fuel Tank",0.6,HIGH
K85-6030,"PACCAR, INC.","BRACKET, STEP, FUEL TANK",044-001-059,44,1,"Bracket - Step, Fuel Tank",1.0,HIGH
KV6Z-9D289-A,FORD MOTOR CO,"LINE, PURGE",044-016-008,44,16,Lines - Fuel. Evaporative Emission Control,0.0,LOW
L1MZ-9B325-A,FORD MOTOR CO,"SOLENOID, PURGE",044-016-005,44,16,Solenoid - Evaporative Emission Control,0.2,MEDIUM
LC3Z-9030-A,FORD MOTOR CO,"CAP, TANK, FUEL, ASSY",044-001-002,44,1,Cap - Fuel TankCap - Fuel Tank Deefer,0.5,HIGH
LC3Z-9030-J,FORD MOTOR CO,"CAP ASSY, FUEL TANK",044-001-002,44,1,Cap - Fuel TankCap - Fuel Tank Deefer,0.5,HIGH
LC3Z-9N184-A,FORD MOTOR CO,"FILTER, FUEL/WATER SEPERATOR",044-002-019,44,2,"Replacement Kit - Elements, Euel Filter",0.125,LOW
LK4Z-9034-E,FORD MOTOR CO,FUEL PIPE,044-000-000,44,0,Fuel System,0.3333333333333333,HIGH
M203313-7,AUTOMANN,FUEL TANK WEBBING,044-001-023,44,1,"Insulator - Strap, Fuel Tank",0.4,HIGH
M203924,AUTOMANN,"STRAP, FUEL TANK",044-001-019,44,1,Strap - Fuel TankStrap - Fuel Tank Desfar,0.6,HIGH
M86-6379,"PACCAR, INC.",DEF TANK,044-001-001,44,1,Tank - Fuel,0.3333333333333333,HIGH
MB91H2006690,MITSUBISHI,INJECTOR ASSEMBLY,044-014-001,44,14,Injector Assembly - Electronic,0.6666666666666666,HIGH
MED FIL-S100H1315,FILL-RITE DIV.,"SWIVEL, MULTI-PLANE 1"" NPT",044-000-000,44,0,Fuel System,0.0,LOW
N000000004051,FREIGHTLINER,"BANJO BOLT, M10",044-001-011,44,1,Line - Fuel,0.0,LOW
N100DAU12G,FLEETPRIDE,"1"" AUTOMATIC HIGH FLOW NOZZL",044-000-000,44,0,Fuel System,0.0,LOW
N910143010014,FREIGHTLINER,SCREW M10X35,044-003-192,44,3,Screw - Fuel Pump Plug,0.2,MEDIUM
OPW 66V-1300,FILL-RITE DIV.,"VALVE, BREAKAWAY",044-000-000,44,0,Fuel System,0.0,LOW
P27-1127-005,KENWORTH TRUCK CO,"SWITCH, CRUISE CONTROL",044-011-007,44,11,Amplifier Assembly - GO,0.0,LOW
P27-1127-006,KENWORTH TRUCK CO,"SWITCH, CRUISE SET / RES",044-011-000,44,11,Speed Control System,0.0,LOW
P5973,PETERBILT MOTORS CO,STRAP-FUEL TANK,044-001-019,44,1,Strap - Fuel TankStrap - Fuel Tank Desfar,0.6,HIGH
P92-7180-0650,"PACCAR, INC.","HARNESS, FUEL SENDER",044-001-000,44,1,"Tank - Fuel, Liquid",0.2,MEDIUM
PC3Z-9N184-A,FORD MOTOR CO,"FILTER, FUEL, PRIMARY",044-002-001,44,2,"Filter Assembly - Fuel, Primary",0.75,HIGH
PF46172KIT,BALDWIN FILTERS,"FILTER, FUEL, PRIMARY",044-002-019,44,2,"Replacement Kit - Elements, Euel Filter",0.14285714285714285,LOW
PF46174KIT,BALDWIN FILTERS,"FILTER, FUEL, PRIMARY, KIT",044-002-019,44,2,"Replacement Kit - Elements, Euel Filter",0.2857142857142857,MEDIUM
PFD4626,MICROGARD,"FILTER, FUEL, PRIMARY",044-002-001,44,2,"Filter Assembly - Fuel, Primary",0.75,HIGH
PFS303,MOTORCRAFT CORP.,"PUMP, FUEL",044-000-000,44,0,Fuel System,0.3333333333333333,HIGH
PFS557,MOTORCRAFT CORP.,"PUMP, FUEL",044-000-000,44,0,Fuel System,0.3333333333333333,HIGH
R61709,DETROIT DIESEL CORP,"FILTER, FUEL/WATER SEPARATOR",044-002-016,44,2,"Element - Fuel Filter, Water Separator",0.8,HIGH
RA4600701187,FREIGHTLINER,KIT- INJ HDEP EPA07,044-014-001,44,14,Injector Assembly - Electronic,0.0,LOW
RA4600701287,DETROIT DIESEL CORP,"KIT, FUEL INJECTOR EPA 10 DD13",044-014-001,44,14,Injector Assembly - Electronic,0.125,LOW
RA4700902150,FREIGHTLINER,HIGH PRESSURE FUEL P,044-003-218,44,3,"Pump Assembly - Fuel, High Pressure",0.5,HIGH
RA4710900850,DETROIT DIESEL CORP,"INJECTOR, FUEL",044-000-000,44,0,Fuel System,0.3333333333333333,HIGH
RAI 21536,FREIGHTLINER,"HARNESS,ASSEMBLY",044-002-064,44,2,Collar - Fuel/Water Separator,0.0,LOW
RAI-RK21113-12-03,PARKER RACOR,"REPL. KIT, BOWL/HEATER ASSY",044-002-012,44,2,"Bowl - Separator, Fuel/Water",0.125,LOW
RK2111301,PARKER RACOR,"COLLECTION, BOWL KIT",044-002-012,44,2,"Bowl - Separator, Fuel/Water",0.16666666666666666,MEDIUM
RK21536,FREIGHTLINER,"REPL KIT, HARNESS ASSY -HEATER",044-002-064,44,2,Collar - Fuel/Water Separator,0.0,LOW
RK50401,DETROIT DIESEL CORP,"HEAD, REPLACEMENT",044-002-078,44,2,Head - Fuel/Water Separator,0.2,MEDIUM
RK56237,PARKER RACOR,"PROBE ASSY, FWS, WATER",044-002-032,44,2,"Probe - Water Sensor, Bowl",0.3333333333333333,HIGH
RK61663,FREIGHTLINER,"KIT, HEATED BOWL",044-002-012,44,2,"Bowl - Separator, Fuel/Water",0.16666666666666666,MEDIUM
RK6166302,FREIGHTLINER,"KIT, HEATED BOWL",044-002-012,44,2,"Bowl - Separator, Fuel/Water",0.16666666666666666,MEDIUM
RK61730,"RACOR INDS, INC.","BOWL, SEPERATOR, FUEL/WATER",044-002-012,44,2,"Bowl - Separator, Fuel/Water",0.6,HIGH
S20067,STANDARD MTR PROD,"VALVE, THROTTLE, 6 TERMINAL",044-005-009,44,5,Throttle Body Assembly,0.16666666666666666,MEDIUM
S20068,STANDARD,THROTTLE BODY,044-005-009,44,5,Throttle Body Assembly,0.6666666666666666,HIGH
S21-1021,KENWORTH TRUCK CO,PEDAL ASSY-THROTTLE,044-007-047,44,7,Inrottle Control Assembly - Electronic,0.0,LOW
TH445,STANDARD,THROTTLE POSITION SENSOR,044-007-048,44,7,Sensor - Throttle Plate Position (TPS),0.6,HIGH
V50-6033-0110120,"PACCAR, INC.",HOSE-ASSY,044-001-013,44,1,Hose - Flexible,0.3333333333333333,HIGH
W502671-S450B,FORD MOTOR CO,SCREW,044-001-045,44,1,Screw - Fuel Tank Cap,0.25,MEDIUM
W710850-S300,FORD MOTOR CO,"FUEL,POCKET,NUT",044-001-054,44,1,"Hardware, Mounting - Fuel Line",0.16666666666666666,MEDIUM
