part,description,manufacturer,vendor_name
06/07 PM KIT,06/07 PM KIT,nan,
400738570CL,1 1/2 ZIPPER BINDER,nan,
384,"1"" SOLID SHAFT",nan,
TRD-UN06,1/8X48X95 ALUM DIAMOND,nan,
IM-0304,"12 VOLT, CCW/INS HEX",nan,
HV138-13,"13"" LAM FLOOR",nan,
TG-2232-3,13.5X98 2.125W-STYLE BOTM DOOR,nan,
HBP153-150,150 AMP BREAKER,nan,
915-655-022,15X6 WHEEL,nan,
6061-T6,"2""X2"" ALUMINUM SQUARE BAR",nan,
20FT - EXT,20FT HOSE KIT,nan,
64320,22IN SPOT/FLOOD LIGHT BAR,nan,
BWT-K2400BE,24 CELL WATERING SYSTEM,nan,
285992-03,285992-03,nan,
NSIWOOD,2X12X96XTREATED LUMBER,nan,
FUS-000018-00,315A DC OUTPUT FUSE,nan,
6411,350 AMP BLUE HOUSING,nan,
THRESHOLD PLATE,36 X 96 X 1/8 THRESHOLD PLATE,nan,
80-00-2040,4' COILED BREAK-A-WAY CABLE,nan,
AMB-02-4100,41' COUNTERBALANCE,BEVERAGE TRUCK PARTS,BEVERAGE TRUCK PARTS
F787TC0606-6-6-6-100.00,43 SERIES HOSE ASSEMBLY,nan,
URK480-0,480V UTILITY RETROFIT KIT,nan,
URK480-1,480V UTILITY RETROFIT KIT,nan,
AMB-02-49HD,"49"" COUNTER BALANCE",BEVERAGE TRUCK PARTS,BEVERAGE TRUCK PARTS
5100639,"5"" STANDARD DOOR PANEL",nan,
EVGC6A-A,6V 220AH AGM EV DRY CELL,CONTINENTAL BATTERIES,
TLSF-7,"7"" LED LIGHT STRIP",nan,
4130WH,7X7-5/16-G,nan,
9ANGLEITON,9 ANGLE IRON,nan,
S24C INT PANEL,9'2 X 24 INT PANEL,nan,
S24C VISION PANEL,"9'2"" X 24 VISION PANEL",nan,
AE1131MF,950CCA,nan,
YH2-13,A/C SWITCH,nan,
6101243,ABS BRAKE KIT,nan,
AD227,ADAPTER RVHD-0048,nan,
GD01,ALU 3-HOLE W/INSERT,nan,
P1020-K,"ASSEMBLY, CHARGING PLATE","PURKEY'S FLEET ELECTRIC, INC.","PURKEY'S FLEET ELECTRIC, INC."
69571-IRX.25,"ASSEMBLY, LATCH W/ INSIDE RELE",nan,
315061,"ASSEMBLY, LINK W/ BUSHING",nan,
CTT00007682,"ASSEMBLY, PANEL","OTTAWA TRUCK DIV., GULF WESTERN MFG. CO.","OTTAWA TRUCK DIV., GULF WESTERN MFG. CO."
141474,"ASSEMBLY, SHAFT",CROWN EQUIPMENT COMPANY,CROWN EQUIPMENT COMPANY
MHT2913-100OE,"ASSEMBLY, TIREMAXX PRO 100PSI",nan,
MPS 710685,AXEL SHAFT SEAL,O'REILLY AUTO PARTS,O'REILLY AUTO PARTS
5101101,"B-2.5"" PANEL",nan,
5100677,"B-5"" DOOR PANEL",nan,
BBAGY,BAG CANVAS YELLOW 18.5X19X6.5,nan,
DBL-FOOT,"BAR ASSY, BTM",nan,
914672,"BASE PLATE , KIT",nan,
EZCHCH38,"BLOCK, CABLE/HOSE, 3/8"" X 3/8""",nan,
4055164C2,"BLOCK, RISER FRONT SPRING LHS",NAVISTAR INTERNATIONAL TRANSPORTATION CORP.,NAVISTAR INTERNATIONAL TRANSPORTATION CORP.
4055165C2,"BLOCK, RISER FRONT SPRING RHS",NAVISTAR INTERNATIONAL TRANSPORTATION CORP.,NAVISTAR INTERNATIONAL TRANSPORTATION CORP.
5113881,BOTTOM HANDLE PANEL,nan,
BP-551-690,BRACKET FOR BLINKY LIGHT,LEYMAN MFG. CO.,LEYMAN MFG. CO.
EZCM2AB,"BRACKET, ADAPTER, M2",nan,
EZCPAB,"BRACKET, ADAPTER, PACCAR",nan,
EZCIAB,"BRACKET, ADAPTOR, NAVISTAR",nan,
4624,"BRACKET, METER 2 1/4 HOLE",nan,
EZCVMBS,"BRACKET, MNTING, VERSA, SHORT",nan,
MB17DF,"BRACKET, MOUNTING KIT",nan,
EZCM2B,"BRACKET, MOUNTING, M2",nan,
EZCTMB,"BRACKET, MOUNTING, TOP",nan,
EZCVMB,"BRACKET, MOUNTING, VERSA",nan,
EZCFMB,"BRACKET, MOUNTING, W/FLANGE",nan,
K947891,BRACKET- WELD ON,KIDRON BODY CO.,KIDRON BODY CO.
751598,BTM PANEL,nan,
10053,"BULKHEAD, REEFER, AIRHEAD",nan,
542,"BULKHEAD, REEFER, MAXAIR",nan,
13581201RW1,"BUMPERETTE, WHITE, 10""",nan,
CB117EX-6,CABE CB113,nan,
45668,CABLE / BLACK / 115 5/16 EYE S,nan,
CB125EX-6,CABLE CB114,nan,
CB166EX-6,CABLE CB118,nan,
CR-MT,CABLE RETRACTOR MOUNT BRCKT,nan,
CBL-HD-K10-012P,"CABLE, 16 PIN Y J-1939 W/BRK",nan,
SF-SERIES,"CABLE, DEVICE POWER CABLE",nan,
SF-SERIES-J1939,"CABLE, J1939 A-N-1 DIAG,16 PIN",nan,
399875,"CABLE, LOWER BRAKE",nan,
3-602-PF,"CABLE, TRLR ART S-FLEX 4-14 GA",nan,
2000026,CABLE-HEATER CONTROL,nan,
92103,"CAM BRACKET, L/H",nan,
91737,"CAM BRACKET, R/H",nan,
C5F176,CAMERA RVHD-MTC,nan,
CS2428DGLQ,"CAMSHAFT-LH 1 1/2"" X 24 1/16",nan,
A18-71861-002,"CARRIER, DOOR MODULE, LH, GRAY",FREIGHTLINER CORPORATION,FREIGHTLINER CORPORATION
3236518865,CLEAR SHEET PROTECTOR,nan,
1.96586E+11,COMPARTMENT DOOR HANDLE,nan,
2.04248E+11,COMPARTMENT DOOR LATCH,nan,
6005664,"COMPLETE INFULT CARD, ASSY",nan,
A06-95632-004,"CONFIG , BODY, CONTROLLER",FREIGHTLINER CORPORATION,FREIGHTLINER CORPORATION
BH87F,"CONNECTOR, BULKHEAD",nan,
829020,CONTACTOR,nan,
AFS819L/36A,CONTACTOR,nan,
ABH A110 HD,"CONTINUOUS GEAR HINGE, 92""",nan,
CC813-7,"CORD, 7-WAY, CAMERA",nan,
MK4711Q-20STAN-CORE,CORE CHARGE ONLY,nan,
CTT00009984,COVER,"OTTAWA TRUCK DIV., GULF WESTERN MFG. CO.","OTTAWA TRUCK DIV., GULF WESTERN MFG. CO."
24-10861,COVER,nan,
EA00064463402,CPC4 CAB MODULE,DETROIT DIESEL CORPORATION,DETROIT DIESEL CORPORATION
844617,CROSSBAR,nan,
CMB-21,CROSSMEMBER BOLT / KIDRON,nan,
46941615,CTBRECT 3X5X 1/4X24 A 500 TUBE,nan,
A/M171.H184/HDN,CVLV,nan,
45959,CYLINDER,nan,
112146,DECKER DOOR HANDLE KIT IN/OUT,nan,
"DIESEL, FUEL -HEATER","DIESEL, FUEL -HEATER",nan,
T300,DOOR,nan,
5184387,"DOOR SCRN REPAIR KIT 48X84""",nan,
61405A26B,DOOR-FUEL TANK FILLER,nan,
923829-1106,DRAIN TAP,KALMAR INDUSTRIES,KALMAR INDUSTRIES
1242161,DRAIN VALVE - MANUAL,nan,
BR-40BF-01,"DROP-IN SPD CONTROLLRS , 2.9""",nan,
BR-40B-01,"DROP-IN SPD CONTROLLRS, 29"" DI",nan,
865128,DRYER AIR AD IS,nan,
CA-817-1016,DUAL RETENTIONSION RAMP 15X34,nan,
WAB,"ECU, PROGRAMABLE",nan,
92300-180,ELECTRICAL/AIR ASSEMBLY,PHILLIPS MANUFACTURING CO.,PHILLIPS MANUFACTURING CO.
DW01494 GTY,ENDCAP PAINT BAND,nan,
36665512C,"ENSOR, SPEED, TRANSMITTER",nan,
ZZZZYZC,ESAST,nan,
520-1261,EXP VALVE,RIG TOUGH INC,RIG TOUGH INC
001-447-001,EXPANSION VALVE SEAL,nan,
168261,"EYE, LUNETTE, 2.5"" X3.25"" X6""",nan,
N83 309111,FAN,nan,
301E/5742,FAN CIRCULATION 12V,nan,
4000 6,FASTBRAKE WITH VIBRA,nan,
SBF204-12G,"FLANGE BEARING, 4-BOLT, 3/4"" B",nan,
GDP41300637,FLEETPULSE,GREAT DANE TRAILERS,GREAT DANE TRAILERS
FLP41321259,FLEETPULSE NOSE BOX HARNESS,"AURORA PARTS AND ACCESSORIES, LLC","AURORA PARTS AND ACCESSORIES, LLC"
70105-01,FLOW THRU CAP SENSORS,nan,
TJF1105HZ,FOOT LEG,nan,
GDP31409001,"FRAME ASSY, HEATER TK HEAT",GREAT DANE TRAILERS,GREAT DANE TRAILERS
C1F126,FRAME MOUNT 120FOV CVBS IR LED,nan,
CA008,"FRAME MOUNT, CAMERA",nan,
BETK711,FRAME MOUNTING BRACKETS,NAPA,NAPA
ALU.1875X22X49.5,FRONT BLOW OUT PLATES,nan,
569.CT77546,FRONT LINEAR ACTUATOR,"AUTOMANN, INC","AUTOMANN, INC"
000-446-30-49,FRONTEND RADAR 2 HIGH(P),nan,
UAR220-055,"FTL A/C, BINARY CONNECTOR KIT",nan,
6005695,"FUSE, 3 POLE HOLDER",nan,
EG-CU004,GASKET,nan,
47201807080,GASKET CRANKCASE BR,nan,
CTT3519,GLASS,"OTTAWA TRUCK DIV., GULF WESTERN MFG. CO.","OTTAWA TRUCK DIV., GULF WESTERN MFG. CO."
BLT.75X6GR8,"GRADE 8 3/4"" X 6"" BOLT COURSE",nan,
KWIK-ZIP,"GRAPHIC, TRAILER",nan,
090249-19,"GUSSETT,PLATE",nan,
A000029867,HANDLE SB175,"MITSUBISHI MOTORS NORTH AMERICA, INC.","MITSUBISHI MOTORS NORTH AMERICA, INC."
25922470,"HANDLE, 143H",nan,
6005696,"HANDLE, DISCONNECT RED/YEL",nan,
DSPADDLE-SP2-P,"HANDLE, PADDLE",nan,
A18-68358-002,HANDLE-RELEASE,nan,
80-1008-V9,"HARNESS, NOSEBOX, GUARDIAN",nan,
AD050,HD TRUCK/TRAILER KIT 3 CAMERA,nan,
7.1027E+11,HDLT/SIG ASSEMBLY,nan,
2.52526E+11,"HEATER, D5S, 12V",nan,
24581OOT,"HEATER,CONTROL,VALVE",nan,
HTRAAX.19078,"HKANT40K, 77.5P.310 TP SLA415M",HENDRICKSON INTERNATIONAL CORPORATION,HENDRICKSON INTERNATIONAL CORPORATION
DONOTRECEIVE,HOLD LINE - DO NOT RECIEVE,nan,
506032-550,HOSE ASSY,nan,
OESKITHA32V,HOSE BALL VALVE KIT,nan,
HPON050-FT,HOSE PUSH ON #8,nan,
42694021,"HOUSING, EXTENDED WDV",WALTCO TRUCK EQUIPMENT,WALTCO TRUCK EQUIPMENT
S234-002.000,HR FLAT 1X2,nan,
48922739,HRC 1X7.25 X20 HR CHANNEL,nan,
40513205X1,IABS VALVE,nan,
TB027307U8N001216A3,ICC BUMPER TUBE,nan,
922490-6,INGLE STRAND SPROCKET: 10 TEET,IMPERIAL PRODUCTS,IMPERIAL PRODUCTS
WHI342-11.5-18124,INT PANEL,nan,
200-97565-K,INTERNAL RELEASE PAN,nan,
JF-100-B,JACK FOOT,nan,
TJA5000TR,"JACK, A-FRAM",nan,
115523A,"JACK, BULLDOG TW 5K W/PLT",nan,
TJ01RT-HD,"JACK, STABILISING, 18""",nan,
406-202,JUNCTION BLOCK 3/8 STUD RED,nan,
916115,KAZOO,nan,
KEE-BRACKET,KEE-BRACKET,nan,
Z250,"KEY, Z250 CODE",nan,
5602-02-020,"KIT SOLENOID SERVICE, ARCTIC",PACCAR CORPORATION,PACCAR CORPORATION
RF-204720QKIT,"KIT, 305B03KIT 20K STD",nan,
TW-191-11,"KIT, BRAKE AWAY ELECTRIC BRAKE",nan,
2512556C92,"KIT, DUCT OPEN BREATHER CONVER",NAVISTAR INTERNATIONAL TRANSPORTATION CORP.,NAVISTAR INTERNATIONAL TRANSPORTATION CORP.
CWC-7004,"KIT, HEAD LIGHT CONVERSION",nan,
AP9774,"KIT, LINEAR ACTUATOR",nan,
K006390,"KIT, REEFER REFURB (REMAN OPS)",nan,
KP064-B,"KIT, REMOTE ACCESS",nan,
JSTB10149,"KIT, RETAINER PLATE",JOST INTERNATIONAL,JOST INTERNATIONAL
7831206,"KIT, U BOLT 7/8""X3""X12""",nan,
SK8760,"KIT, VENT SERVICE",KALMAR INDUSTRIES,KALMAR INDUSTRIES
ICM2003330,"KIT,CIRCUIT,BOARD",KALMAR INDUSTRIES,KALMAR INDUSTRIES
SPC,"KNOB, SPEC ORDR 2574FT SHIFTER",nan,
HD60010R-AMP,LAMP,HEAVY-DUTY LIGHTING,HEAVY-DUTY LIGHTING
9009071,LAMP,nan,
133B,LAMP,nan,
2857528-01,"LATCH HANDLE, PLATFORM",nan,
K-4002,"LATCH, ASSY",nan,
1.45139E+11,"LATCH, MICRO",nan,
2.95557E+11,LED DRIVER TRANS POWER SUPPLY,nan,
G2385332,LED WORKLIGHT,nan,
929527-407MX,"LEVER, CABLE, FORE/AFT, LOCK",ISRINGHAUSEN INC.,ISRINGHAUSEN INC.
CPJ-U104,LICENSE PLATE HOLDER,nan,
SINGLEPUMPLIFTGATE,LIFT GATE- SINGLE PUMP,nan,
NV3075,LIGHT,nan,
MTLW50050-6,"LIGHT, LED, WORK LAMP, 5"", ROU",nan,
FF60M,"LIGHT, SPRING TIMER",INTERMATIC INC,INTERMATIC INC
607105-04SB,"LIGHT, STOP/TURN/TAIL LAMP, LE",nan,
50000K-LED,LIGHT-LED,nan,
DC48KIT,"LINE KIT, DUAL CHARGE",nan,
CNR-HY149,"LINER, CORNER","AURORA PARTS AND ACCESSORIES, LLC","AURORA PARTS AND ACCESSORIES, LLC"
90X96X250,"LINING, TRAILER - KEMLITE - RO",nan,
PD-20-1108-135,"LINK, U-BENT",nan,
711901,"LIP ASSM, 7X45K 18 STD",nan,
712959,LIP SHAFT,nan,
6000779,LOCK,nan,
OH280350B,LOCK ASSY,nan,
AA3492,LOCK SET,nan,
TGL77,"LOCK, SECURITY W/ STYLE",nan,
GDP40107628,LONG BLOW OUT PLATES,GREAT DANE TRAILERS,GREAT DANE TRAILERS
16103,LUG BRACE PLATE,nan,
16834,LUG BRACE PLATE,nan,
HUB14K,"LYNX HUB ADAPTER, 14K",LYNX POWER SYSTEMS,
S-24886,M/F BRACKET KIT,nan,
MAGNETKIT,MAGNET KIT,nan,
944333-6,MAIN HARNESS 35 FT,IMPERIAL PRODUCTS,IMPERIAL PRODUCTS
LG259,MAINTENANCE KIT,JOHN DEERE LTD.,
MS2467,MANIFOLD GASKET SET,nan,
906639-01,MAXON T/C W/OUT HARNESS,"MAXON INDUSTRIES, INC.","MAXON INDUSTRIES, INC."
RFPLTRSM7580P5R308AO4IFT,MDRIVE,nan,
VES-AC-13,MEDCO PURCHASING IN WITH ROPE,nan,
OTC-9850,MELISSA BLUME,nan,
A4710690380,METAL SEAL DD15 EPA07/EPA10/EU,nan,
600-999,"METER, DATATRAC DIGITAL METER",nan,
CTT00024501OTT,MODULE,"OTTAWA TRUCK DIV., GULF WESTERN MFG. CO.","OTTAWA TRUCK DIV., GULF WESTERN MFG. CO."
11-00636,"MODULE, AC CONTROL",nan,
P27-6087-100060,"MODULE, DISTRIBUTION, POWER",PACCAR CORPORATION,PACCAR CORPORATION
DOCBAKE,"MODULE, DOC, BAKE/CLEAN",nan,
M174CVBS,MONITOR RVHD-ECSSM7000Q,nan,
MT011,"MONITOR, 7"" LCD",nan,
182-1129ZN,MOTOR 12 V MM27,nan,
140-01-4007,"MOTOR, PUMP",nan,
A2939,"MOUNT, TOURQUE",O'REILLY AUTO PARTS,O'REILLY AUTO PARTS
A2986,"MOUNT, TRANS",O'REILLY AUTO PARTS,O'REILLY AUTO PARTS
A3098,"MOUNT, TRANSMISSION",O'REILLY AUTO PARTS,O'REILLY AUTO PARTS
MB23LR,MOUNTING BRACKET,nan,
B302PAIR,MOUNTING BRACKET,nan,
HD-425SG2,MOUNTING KIT,EX-GUARD INDUSTRIES,EX-GUARD INDUSTRIES
13S01486,MOUNTING TAB,GREAT DANE TRAILERS,GREAT DANE TRAILERS
C3178,"MOUNTING, ENGINE",O'REILLY AUTO PARTS,O'REILLY AUTO PARTS
K953480,NOSE RAIL,KIDRON BODY CO.,KIDRON BODY CO.
JOSTN-D-67-14AK,NOSE SUPPORT,JOST INTERNATIONAL,JOST INTERNATIONAL
127,"NYLON ROLLER  , CURTAIN",nan,
H206-10,OIL HOSE,nan,
GDP41709970X013.50,OUTER CHANNEL,GREAT DANE TRAILERS,GREAT DANE TRAILERS
6005665,"OUTPUT CARD, ASSY",nan,
OZM22,OZIUM 3.5 OUNCE NEW CAR AEROSO,nan,
286860-43,"P/F & C BAR ASSY. AL, 85X42,MG","MAXON INDUSTRIES, INC.","MAXON INDUSTRIES, INC."
286850-663,"P/F,F/O ASSY, AL85X(42+42+16","MAXON INDUSTRIES, INC.","MAXON INDUSTRIES, INC."
296320-12G,"P/F,F/O ASSY, AL85X(42+42+16)","MAXON INDUSTRIES, INC.","MAXON INDUSTRIES, INC."
DRAFT PAD,"PAD, FF DRAFT 36"" PROJ",nan,
5578537070,PAD-FR PANEL COVER,HINO MOTORS LTD.,HINO MOTORS LTD.
TRLGP-19,"PAN, ALUMINUM, TRL GLADHAND",nan,
CLO24GA,PANEL,nan,
S24C BTM PANEL,PANEL 9'2 X 24,nan,
5012A3,"PANEL, CENTER HACKNEY",nan,
68104-1PA0A,PANEL-IN,"NISSAN MOTOR CORPORATION IN USA, INC.","NISSAN MOTOR CORPORATION IN USA, INC."
60-25262UT,PERMALOGIC BOX,nan,
SE625206,"PHOTO SENSOR, DAR OP AC DEF",nan,
170.9005408,PILOT VALVE,"AUTOMANN, INC","AUTOMANN, INC"
22019C,"PIN,TURN SIGNAL CNCL",nan,
4057607C95,"PIPE, FLUID, ASSEMBLY ISX SUP",NAVISTAR INTERNATIONAL TRANSPORTATION CORP.,NAVISTAR INTERNATIONAL TRANSPORTATION CORP.
RD00001,"PLATE, HARNESS","PURKEY'S FLEET ELECTRIC, INC.","PURKEY'S FLEET ELECTRIC, INC."
GPD42102403-SS,"PLATE,VEHICLE IDENTIFICATION",nan,
URA220-385,"PLUG, 14LITER DETROIT CONN.",nan,
49YK49,"PLUG, STRAIGHT BLADE",nan,
800146253,POTENTIOMETER,nan,
A47215630828,PRESSURE SENSOR,nan,
40700837,PROTECTOR,GREAT DANE TRAILERS,GREAT DANE TRAILERS
HPC-13PTO,PTO CONTROL FOR LIFTING 5TH WH,KALMAR INDUSTRIES,KALMAR INDUSTRIES
5003850,PULL OUT DECK STEP,MICKEY BODY COMPANY INC. W.F.,MICKEY BODY COMPANY INC. W.F.
167170.2897,QR1C TYPE QUICK RELEASE VALVE,nan,
175801523,QUICK RELEASE VALVE,nan,
6105925,R SIDE DOOR LOCK ASSY,MICKEY BODY COMPANY INC. W.F.,MICKEY BODY COMPANY INC. W.F.
LX-14,R-134A HIGH AND LOW,nan,
GDA01-6621-A1,REAR CLEARANCE LIGHT HARNESS,nan,
DV271BT,"RECEIVER, AV DVD STEREO",nan,
CTT0002737,REGULATOR,"OTTAWA TRUCK DIV., GULF WESTERN MFG. CO.","OTTAWA TRUCK DIV., GULF WESTERN MFG. CO."
C2798,"REGULATOR, OUTLET PRESSURE",nan,
FRO SHIFT COVER ASYWEL,REMAN FRO TRANS ASSEMBLY,nan,
QT-REPAI KIT,REPAIR KIT,nan,
STAR 4,"RESTRAINT, TRUCK",nan,
MM3300935,RET SC DOOR LH PNTD,MINUTEMAN INTERNATIONAL,MINUTEMAN INTERNATIONAL
6.28056E+11,RJ45 CONNECTOR SOLUTION,nan,
8143676,ROD,nan,
ITP-125,"ROLLER TRACK 97""",nan,
600-1341,"ROLLER, CAM FOLLOWER, NYLON",nan,
45661,ROOF COIL,nan,
6005694,"ROTARY DISCONNECT, 3 POLE",nan,
HBBTTK480-0,SAFE CONNECT 480V 30A KIT,nan,
S113-005.375,SAFETY STOP,nan,
SCHBBRK480-0,SC 480V BACK BOX RETRO KIT,nan,
MM3301225,SCRUB DOOR LH PNTD,MINUTEMAN INTERNATIONAL,MINUTEMAN INTERNATIONAL
57125-1252B,SCUFF PLATE,nan,
WO335,SENSOR,nan,
2897433NX,"SENSOR, PRS TEMPERATURE",nan,
103221,"SENSOR,DFN PRESSURE",nan,
224577898,SERVICE KIT,nan,
SF3045PCR,SF3045PCR,nan,
P-817-818,"SHAFT, IDLER SPROCKET",nan,
6005697,"SHAFT, ROTORY DISCONNECT",nan,
92117898,"SHELF BIN,11 IN. W,7 IN",nan,
DV6Z-14A099-J,SHIELD,"FORD, A DIVISION OF FORD MOTOR CO.","FORD, A DIVISION OF FORD MOTOR CO."
DV6Z-14A099-G,SHIELD,"FORD, A DIVISION OF FORD MOTOR CO.","FORD, A DIVISION OF FORD MOTOR CO."
BK2Z-14A099-H,SHIELD,"FORD, A DIVISION OF FORD MOTOR CO.","FORD, A DIVISION OF FORD MOTOR CO."
CTT00022045,SHIELD COVER,"OTTAWA TRUCK DIV., GULF WESTERN MFG. CO.","OTTAWA TRUCK DIV., GULF WESTERN MFG. CO."
155400,"SHIELD, BAG",nan,
6883192AA,"SHOW, BRAKE - AUTO",nan,
TRG-W5377-108,"SIDE SEAL, EXTENDED LIP 108""","TRANSGLOBAL, INC","TRANSGLOBAL, INC"
SLAT (COOK),"SLATS, COOKSON",nan,
CTT00002717,SLIDE RAIL REAR DOOR,"OTTAWA TRUCK DIV., GULF WESTERN MFG. CO.","OTTAWA TRUCK DIV., GULF WESTERN MFG. CO."
FD-TR-FVK-SLIDE-TK,SLIDING TURN KEY KIT,nan,
EZCS,"SLING, EZ CLAW",nan,
FZ684-1251-012-0,SOLENOID -  12V 4,nan,
FX755.SV2001,SOLENOID VALVE,nan,
C2781,"SOLENOID, TANK DRAIN VALVE",nan,
6002455,SPRING BRAKE CONTL VALVE,nan,
6800002,SPRING BRAKE VALVE,nan,
945672-5,"SPRING CANISTER ASSEMBLY, STEE",IMPERIAL PRODUCTS,IMPERIAL PRODUCTS
2701-243X57,"SPRING, DOOR, RH",nan,
F285006050,"SPRING, PIN",CATERPILLAR,CATERPILLAR
SJ100,"STABILIZER JACK, 1K, BLACK",nan,
348,STATE OF CHARGE 48V ROUND,nan,
S319-002.000,STOP BLOCK,nan,
04-21-0002,STRAP,nan,
UTILUTBUMPER-V,"SUPPORT,BUMPER ASSEMBLY",nan,
UTBUMPER-V-L,"SUPPORT,BUMPER ASSEMBLY",nan,
4057858C1,"SUPPORT,TRAY SIDE PLATE",NAVISTAR INTERNATIONAL TRANSPORTATION CORP.,NAVISTAR INTERNATIONAL TRANSPORTATION CORP.
50408,"SWITCH, FOOT, 15 AMP",nan,
PPP2B022,"SWITCH, MOMENTARY",nan,
AW2015T&G,T&G ADAPTOR,nan,
TWA8,T&W ASSEMBLY 8 INCH TIRE,nan,
2343197,"T910, HB AIR SUSP.",nan,
EZC10048,"TENSIONER, 25LB, YARD TRUCK",nan,
EZCT25U,"TENSIONER, 25LBS",nan,
EZCT30U,"TENSIONER, 30LBS",nan,
91960,"TENSIONER, HYDRAULIC 40LBS.",nan,
EZCT40U,"TENSIONER, HYDRAULIC, 40LBS",nan,
1972583PE,"THERMOSTAT, OIL",PACCAR CORPORATION,PACCAR CORPORATION
THREAD LOCKER,THREAD LOCKER,nan,
9512900,TIRE CHAINS,nan,
TOD98W107H,TODCO DROP IN DOOR,nan,
8251800,TONGUE JACK FOOT BASE,nan,
K945285-36,TOP RAIL,KIDRON BODY CO.,KIDRON BODY CO.
J-TRACK,TRACK,nan,
TG-49050-L,TRACK KIT-VERT,nan,
6500505,TRAILER CHARGE LINE KIT,nan,
65000505,TRAILER CHARGE LINE KIT,nan,
78700-99-340,TRAILER SIDING REPAIR PATCH,nan,
SKIDDIND,TRAILER TIRE SKID INDICATOR,nan,
61200301,TRAILER-SEAL DOOR RUBBER,nan,
TG-32110-12X98-B,TRANSGLOBAL INTERMEDIATE ROLL,nan,
23526041,TUBE,nan,
942637,"UNIT BEARING MOTOR 50W,115V",nan,
ANG55B175,UNIVERSAL OUTBOARD MOUNTING RA,nan,
6410842,USB-A CHARGE,nan,
560380,UT LOCK PIPE,nan,
C2801,"VALVE, OUTLET PRESSURE RELIEF",nan,
05-31915-000,VENT HOSE,FREIGHTLINER CORPORATION,FREIGHTLINER CORPORATION
EZC10001,"VERSA MOUNT, W/25LB TENSIONER",nan,
EZC10030,"VERSA MOUNT, W/30LB TENSIONER",nan,
TH2283A0-ASSY,"WHEEL, LOAD 4X2.5",nan,
9813PK,WIRE CONNECTOR,O'REILLY AUTO PARTS,O'REILLY AUTO PARTS
HD-B403,X GUARD BRACKET,nan,
HD-H,X GUARD PIN,nan,
80-00-2060,ZIP 6' COILED BREAKAWAY CABLE,nan,
8417616,ZOO ZOO LIGHT,nan,
