PART,MANUFACTURER,DESCRIPTION,CLASS,SYSTEM,COMPONENT,ASSEMBLY,ACTIVE,COMPLETE VMRS,COMPLETE CLASS,word_count,usable
03-37679-000,FREIGHTLINER,"HOUSING, FILTER, AIR, COMPLETE",FILTERS,41,1,65,Y,YES,YES,4,True
03-42776-010,FREIGHTLINER,"FILTER, AIR, ENGINE",FILTERS,41,1,5,Y,YES,YES,3,True
03-43845-000,FREIGHTLINER,"FILTER, FUEL/WATER SEPARATOR",FILTERS,44,2,16,Y,YES,YES,3,True
04236-U2020-71,TOYOTA,"FILTER, FUEL, LPG",FILTERS,266,2,0,Y,YES,YES,3,True
04901-20570-71,TOYOTA,"FILTER, OIL, ENGINE",FILTERS,266,,,Y,NO,YES,3,True
77145,CROWN,"FILTER, OIL, HYDRAULIC",FILTERS,266,3,0,Y,YES,YES,3,True
85360,"PACCAR, INC.","FILTER, DEF FLUID",FILTERS,43,7,28,Y,YES,YES,3,True
100416,THERMO KING,"FILTER, KIT, ENGINE, PM",FILTERS,82,41,5,Y,YES,YES,4,True
100449,THERMO KING,"FILTER, KIT, ENGINE, PM",FILTERS,82,41,5,Y,YES,YES,4,True
1005302,TENNANT,"FILTER, WATER, WASH SOLUTION",FILTERS,61,10,0,Y,YES,YES,4,True
100579,THERMO KING,"FILTER, KIT, ENGINE, PM",FILTERS,82,41,5,Y,YES,YES,4,True
100580,THERMO KING,"FILTER, KIT, ENGINE, PM",FILTERS,82,41,5,Y,YES,YES,4,True
100583,THERMO KING,"FILTER, KIT, ENGINE, PM",FILTERS,82,41,5,Y,YES,YES,4,True
100604,THERMO KING,"FILTER, KIT, ENGINE, PM",FILTERS,82,41,5,Y,YES,YES,4,True
100634,THERMO KING,"FILTER, KIT, ENGINE, PM",FILTERS,82,41,5,Y,YES,YES,4,True
10-11-9300B,THERMO KING,"FILTER, AIR, ENGINE",FILTERS,82,41,17,Y,YES,YES,3,True
1021579,TENNANT,"FILTER, OIL, HYDRAULIC",FILTERS,61,3,0,Y,YES,YES,3,True
1027290,TENNANT,"FILTER, SOLUTION, .020 MESH",FILTERS,61,10,9,Y,YES,YES,4,True
10-417,THERMO KING,"FILTER, KIT, ENGINE, PM",FILTERS,82,41,5,Y,YES,YES,4,True
1045900,TENNANT,"FILTER, CANNISTER, DUST",FILTERS,61,2,4,Y,YES,YES,3,True
10-473,THERMO KING,"FILTER, KIT, ENGINE, PM",FILTERS,151,1,34,Y,YES,YES,4,True
107423,JOHN DEERE LTD.,"FILTER, OIL, ENGINE",FILTERS,45,11,1,Y,YES,YES,3,True
107794,"BENDIX CORP, THE","CARTRIDGE, AIR DRYER",FILTERS,13,10,129,Y,YES,YES,3,True
107796,"BENDIX CORP, THE","CARTRIDGE, AIR DRYER",FILTERS,13,10,,Y,NO,YES,3,True
109493,"BENDIX CORP, THE","CARTRIDGE, AIR DRYER",FILTERS,13,10,129,Y,YES,YES,3,True
11013-1290,KAWASAKI,"FILTER, AIR, ENGINE",FILTERS,41,1,5,Y,YES,YES,3,True
1982-11-01 00:00:00,THERMO KING,"FILTER, OIL, ENGINE",FILTERS,82,41,6,Y,YES,YES,3,True
119059,THERMO KING,"FILTER, AIR, ENGINE",FILTERS,82,41,17,Y,YES,YES,3,True
1998-11-01 00:00:00,THERMO KING,"FILTER, FUEL, SECONDARY",FILTERS,82,39,12,Y,YES,YES,3,True
119299,THERMO KING,"FILTER, AIR, ENGINE",FILTERS,82,41,17,Y,YES,YES,3,True
119300,THERMO KING,"FILTER, AIR, ENGINE",FILTERS,82,41,17,Y,YES,YES,3,True
119321,THERMO KING,"FILTER, OIL, ENGINE",FILTERS,82,41,6,Y,YES,YES,3,True
119341,THERMO KING,"FILTER, FUEL, PRIMARY",FILTERS,82,39,12,Y,YES,YES,3,True
119342,THERMO KING,"FILTER, FUEL, PRIMARY",FILTERS,82,39,12,Y,YES,YES,3,True
119955,THERMO KING,"FILTER, AIR, ENGINE",FILTERS,82,41,17,Y,YES,YES,3,True
119956,THERMO KING,"FILTER, AIR, ENGINE",FILTERS,82,41,17,Y,YES,YES,3,True
119959,THERMO KING,"FILTER, OIL, ENGINE",FILTERS,82,41,6,Y,YES,YES,3,True
119960,THERMO KING,"FILTER, OIL, ENGINE",FILTERS,82,41,6,Y,YES,YES,3,True
119961,THERMO KING,"FILTER, OIL, ENGINE",FILTERS,82,41,6,Y,YES,YES,3,True
119965,THERMO KING,"FILTER, FUEL, PRIMARY",FILTERS,82,39,12,Y,YES,YES,3,True
119966,THERMO KING,"FILTER, FUEL, PRIMARY",FILTERS,82,39,12,Y,YES,YES,3,True
119967,THERMO KING,"FILTER, FUEL, PRIMARY",FILTERS,82,39,12,Y,YES,YES,3,True
119969,THERMO KING,"FILTER, FUEL, PRIMARY",FILTERS,82,39,12,Y,YES,YES,3,True
119970,THERMO KING,"FILTER, FUEL, PRIMARY",FILTERS,82,39,12,Y,YES,YES,3,True
1205428,TENNANT,"FILTER, SCREEN 080 MESH INLINE",FILTERS,61,,,Y,NO,YES,5,True
120967,THERMO KING,"HOUSING, FILTER, AIR",FILTERS,82,41,41,Y,YES,YES,3,True
124350,CROWN,"FILTER, OIL, HYDRAULIC, RETURN",FILTERS,266,3,0,Y,YES,YES,4,True
12691158,GENERAL MOTORS CORP,"FILTER, OIL, ENGINE",FILTERS,45,11,1,Y,YES,YES,3,True
12693541,GENERAL MOTORS CORP,"FILTER, OIL, ENGINE",FILTERS,45,11,1,Y,YES,YES,3,True
12731742,GMC TRUCK DIVISION,"FILTER, OIL, ENGINE",FILTERS,45,11,1,Y,YES,YES,3,True
12737086,GENERAL MOTORS CORP,"FILTER, OIL, ENGINE",FILTERS,45,11,1,Y,YES,YES,3,True
12-967,THERMO KING,"FILTER, ASSEMBLY, AIR",FILTERS,82,41,17,Y,YES,YES,3,True
130820,THERMO KING,"FILTER, AIR, ENGINE",FILTERS,82,41,17,Y,YES,YES,3,True
13172,ROBINAIR DIVISION,"FILTER, OIL, A/C RECOVERY, KIT",FILTERS,53,11,1,Y,YES,YES,5,True
14-00209-00,CARRIER CORP,"FILTER, DRIER, LIQUID LINE",FILTERS,82,10,2,Y,YES,YES,4,True
141132,CROWN,"FILTER, HYDRAULIC, RETURN",FILTERS,266,3,0,Y,YES,YES,3,True
14-17927-000,FREIGHTLINER,"FILTER, OIL, POWER STEERING",FILTERS,15,5,46,Y,YES,YES,4,True
142110,CROWN,"FILTER, AIR, ENGINE",FILTERS,266,2,0,Y,YES,YES,3,True
142115,CROWN,"FILTER, OIL, TRANSMISSION",FILTERS,266,2,0,Y,YES,YES,3,True
144925,CROWN,"FILTER, OIL, TRANSMISSION",FILTERS,266,2,0,Y,YES,YES,3,True
15102546,GENERAL MOTORS CORP,"FILTER, AIR, ENGINE",FILTERS,41,1,5,Y,YES,YES,3,True
15208-65FOE,NISSAN,"FILTER, OIL, ENGINE",FILTERS,45,11,1,Y,YES,YES,3,True
152128,CROWN,"FILTER, OIL, ENGINE",FILTERS,45,11,1,Y,YES,YES,3,True
153555,CROWN,"FILTER, OIL, HYDRAULIC",FILTERS,266,0,0,Y,YES,YES,3,True
15400-PLM-A02,HONDA MTR AMERICA,"FILTER, OIL, ENGINE",FILTERS,F25,0,,Y,NO,YES,3,True
15601-76004-71,TOYOTA,"FILTER, OIL, ENGINE",FILTERS,266,2,0,Y,YES,YES,3,True
15601-76008-71,TOYOTA,"FILTER, OIL, ENGINE",FILTERS,266,2,0,Y,YES,YES,3,True
15613-EV140,HINO MOTORS LTD.,"FILTER, CRANKCASE, VENTILATION",FILTERS,45,14,7,Y,YES,YES,3,True
15942429,GENERAL MOTORS CORP,"FILTER, AIR, CABIN",FILTERS,1,1,219,Y,YES,YES,3,True
15950,NAPA,"FILTER, OIL, TRANSMISSION",FILTERS,27,36,4,Y,YES,YES,3,True
15966,NAPA,"FILTER, OIL, TRANSMISSION",FILTERS,27,36,4,Y,YES,YES,3,True
15P,PARKER-HANNIFIN,"FILTER, ASSY, HIGH PRESSURE",FILTERS,361,9,0,Y,YES,YES,4,True
1655115PE,"PACCAR, INC.","FILTER, FUEL, PRIMARY",FILTERS,44,2,1,Y,YES,YES,3,True
1707194,HYSTER CO.,"FILTER, OIL, HYDRAULIC",FILTERS,266,2,0,Y,YES,YES,3,True
1718534PE,"PACCAR, INC.","FILTER, OIL, ENGINE, KIT",FILTERS,45,11,43,Y,YES,YES,4,True
1756,NAPA,"FILTER, OIL, HYDRAULIC",FILTERS,65,6,18,Y,YES,YES,3,True
17587,NAPA,"FILTER, OIL, TRANSMISSION",FILTERS,27,36,4,Y,YES,YES,3,True
1780178100,HINO,"FILTER, AIR, ENGINE",FILTERS,41,1,5,Y,YES,YES,3,True
1817849C3,NAVISTAR,"GASKET, HOUSING, FILTER, OIL",FILTERS,45,11,22,Y,YES,YES,4,True
18566,NAPA,"FILTER, OIL, TRANSMISSION",FILTERS,27,36,4,Y,YES,YES,3,True
19259309,GENERAL MOTORS CORP,"FILTER, FUEL, PRIMARY",FILTERS,44,2,1,Y,YES,YES,3,True
19433934,GENERAL MOTORS CORP,"FILTER, OIL, ENGINE",FILTERS,45,11,1,Y,YES,YES,3,True
1R-0716,CATERPILLAR TRACTOR,"FILTER, OIL, ENGINE",FILTERS,45,11,1,Y,YES,YES,3,True
1R-0749,CATERPILLAR TRACTOR,"FILTER, FUEL, SECONDARY",FILTERS,44,2,3,Y,YES,YES,3,True
1R-0750,CATERPILLAR TRACTOR,"FILTER, FUEL, SECONDARY",FILTERS,44,2,3,Y,YES,YES,3,True
1R-1808,CATERPILLAR TRACTOR,"FILTER, OIL, ENGINE",FILTERS,45,11,1,Y,YES,YES,3,True
200095,NAPA,"FILTER, AIR, ENGINE",FILTERS,41,1,5,Y,YES,YES,3,True
200337,NAPA,"FILTER, AIR, ENGINE",FILTERS,41,1,5,Y,YES,YES,3,True
200697,NAPA,"FILTER, AIR, ENGINE",FILTERS,41,1,5,Y,YES,YES,3,True
20580233,VOLVO,"FILTER, OIL, POWER STEERING",FILTERS,15,5,46,Y,YES,YES,4,True
21715813,VOLVO,"FILTER, AIR, ENGINE",FILTERS,41,1,5,Y,YES,YES,3,True
22759203,GENERAL MOTORS CORP,"FILTER, AIR, CABIN",FILTERS,1,1,219,Y,YES,YES,3,True
2277129PE,"PACCAR, INC.","FILTER, FUEL, PRIMARY",FILTERS,44,2,2,Y,YES,YES,3,True
22845992,GENERAL MOTORS CORP,"FILTER, AIR, ENGINE",FILTERS,41,1,5,Y,YES,YES,3,True
22909882,GENERAL MOTORS CORP,"FILTER, AIR, ENGINE",FILTERS,41,1,5,Y,YES,YES,3,True
2299013PE,"PACCAR, INC.","FILTER, VENTILATION, CRANKCASE",FILTERS,45,14,7,Y,YES,YES,3,True
23044511,VOLVO,"FILTER, FUEL, PRIMARY",FILTERS,44,2,1,Y,YES,YES,3,True
23300-UB010,TOYOTA,"FILTER, FUEL, PRIMARY",FILTERS,266,2,0,Y,YES,YES,3,True
2330478380,HINO,"FILTER, FUEL, PRIMARY",FILTERS,44,2,2,Y,YES,YES,3,True
23304EV360,HINO,"FILTER, FUEL, PRIMARY",FILTERS,44,2,2,Y,YES,YES,3,True
23381562,VOLVO,"FILTER, DEF FLUID",FILTERS,43,7,28,Y,YES,YES,3,True
23521528,DETROIT DIESEL CORP,"FILTER, FUEL, PRIMARY",FILTERS,44,2,2,Y,YES,YES,3,True
24009059,VOLVO,"FILTER, FUEL/WATER SEPARATOR",FILTERS,44,2,16,Y,YES,YES,3,True
24137737,VOLVO,"FILTER, FUEL, PRIMARY",FILTERS,44,2,2,Y,YES,YES,3,True
24210956,GENERAL MOTORS CORP,"FILTER, OIL, TRANSMISSION",FILTERS,27,36,8,Y,YES,YES,3,True
24211,WIX CORP,"FILTER, AIR, CABIN",FILTERS,1,1,219,Y,YES,YES,3,True
24236517,GENERAL MOTORS CORP,"FILTER, OIL, TRANSMISSION",FILTERS,27,36,8,Y,YES,YES,3,True
24236931,GENERAL MOTORS CORP,"FILTER, OIL, TRANSMISSION",FILTERS,27,36,8,Y,YES,YES,3,True
24283117,VOLVO,"FILTER, OIL, TRANSMISSION",FILTERS,27,36,8,Y,YES,YES,3,True
24419,WIX CORP,"FILTER, AIR, CABIN",FILTERS,1,1,219,Y,YES,YES,3,True
2510993C2,NAVISTAR,"FILTER, FUEL/WATER SEPARATOR",FILTERS,44,2,87,Y,YES,YES,3,True
2515573C1,NAVISTAR,"FILTER, AIR, ENGINE",FILTERS,41,1,5,Y,YES,YES,3,True
2517298C1,NAVISTAR,"FILTER, AIR, ENGINE",FILTERS,41,1,5,Y,YES,YES,3,True
2517315C91,NAVISTAR,"FILTER, A/C, RECEIVER/DRYER",FILTERS,1,1,438,Y,YES,YES,3,True
2517331C91,NAVISTAR,"MODULE, PARTICULATE FILTER",FILTERS,43,6,17,Y,YES,YES,3,True
2518086C1,NAVISTAR,"FILTER, SCREEN, DEF SENSOR",FILTERS,43,7,159,Y,YES,YES,4,True
2522414C91,NAVISTAR,"FILTER, AIR, ENGINE",FILTERS,41,1,5,Y,YES,YES,3,True
2522821C1,NAVISTAR,"FILTER, A/C, RECEIVER/DRYER",FILTERS,1,1,438,Y,YES,YES,3,True
2522822C1,NAVISTAR,"FILTER, A/C, RECEIVER/DRYER",FILTERS,1,1,438,Y,YES,YES,3,True
2522824C1,NAVISTAR,"FILTER, A/C, RECEIVER/DRYER",FILTERS,1,1,438,Y,YES,YES,3,True
2523522C91,NAVISTAR,"FILTER, OIL, ENGINE",FILTERS,45,11,1,Y,YES,YES,3,True
2523635C91,NAVISTAR,"FILTER, FUEL, PRIMARY, KIT",FILTERS,44,2,19,Y,YES,YES,4,True
2523636C91,NAVISTAR,"FILTER, FUEL/WATER SEPARATOR",FILTERS,44,2,87,Y,YES,YES,3,True
25-26170-00,CARRIER CORP,"FILTER, FUEL, PRIMARY",FILTERS,82,39,12,Y,YES,YES,3,True
25-38666-16,CARRIER CORP,"FILTER, FUEL, BRASS SCREEN",FILTERS,82,39,8,Y,YES,YES,4,True
2602211C1,NAVISTAR,"FILTER, AIR, ENGINE",FILTERS,41,1,5,Y,YES,YES,3,True
2604318C91,NAVISTAR,"FILTER, FUEL, KIT",FILTERS,44,2,19,Y,YES,YES,3,True
2606467C92,NAVISTAR,"FILTER, OIL, CENTRIFUGE KIT",FILTERS,45,11,67,Y,YES,YES,4,True
26-1689,AUTOCAR,"FILTER, AIR, CABIN",FILTERS,1,1,219,Y,YES,YES,3,True
270-180-01-09,MERCEDES-BENZ OF NA,"FILTER, OIL, ENGINE",FILTERS,45,11,5,Y,YES,YES,3,True
28181-2,AUTOCAR,"FILTER, DEF, KIT",FILTERS,43,7,159,Y,YES,YES,3,True
283102-01,MAXON,"FILTER, OIL, HYDRAULIC",FILTERS,55,10,151,Y,YES,YES,3,True
290034,MAXON,"FILTER, PUMP, INLET",FILTERS,55,10,151,Y,YES,YES,3,True
29539579,ALLISON TRANSMISSION,"FILTER, OIL, TRANSMISSION",FILTERS,27,36,23,Y,YES,YES,3,True
29542824,ALLISON TRANSMISSION,"FILTER, OIL, TRANSMISSION",FILTERS,27,36,4,Y,YES,YES,3,True
29558293,ALLISON TRANSMISSION,"FILTER, OIL, TRANSMISSION",FILTERS,27,36,4,Y,YES,YES,3,True
29558328,ALLISON TRANSMISSION,"FILTER, OIL, TRANSMISSION",FILTERS,27,36,4,Y,YES,YES,3,True
29558329,ALLISON TRANSMISSION,"FILTER, OIL, TRANSMISSION",FILTERS,27,36,8,Y,YES,YES,3,True
29558331,ALLISON TRANSMISSION,"FILTER, OIL, TRANSMISSION",FILTERS,27,36,8,Y,YES,YES,3,True
297569,MAXON,"FILTER, OIL, HYDRAULIC",FILTERS,55,10,151,Y,YES,YES,3,True
297573,MAXON,"FILTER, OIL, HYDRAULIC",FILTERS,55,10,221,Y,YES,YES,3,True
2I8660,MITSUBISHI,"FILTER, OIL, ENGINE",FILTERS,266,2,0,Y,YES,YES,3,True
2L2Z-9155-AB,FORD MOTOR CO,"FILTER, FUEL, PRIMARY",FILTERS,44,2,1,Y,YES,YES,3,True
2L2Z-9601-AC,FORD MOTOR CO,"FILTER, AIR, ENGINE",FILTERS,41,1,5,Y,YES,YES,3,True
30-00323-00,CARRIER CORP,"FILTER, OIL, ENGINE",FILTERS,82,41,6,Y,YES,YES,3,True
30-00430-23,CARRIER CORP,"FILTER, AIR, ENGINE",FILTERS,82,41,17,Y,YES,YES,3,True
30-00450-00,CARRIER CORP,"FILTER, OIL, ENGINE",FILTERS,82,41,6,Y,YES,YES,3,True
30-00463-00,CARRIER CORP,"FILTER, OIL, ENGINE",FILTERS,82,41,6,Y,YES,YES,3,True
30-00471-20,CARRIER CORP,"FILTER, AIR, ENGINE",FILTERS,82,41,17,Y,YES,YES,3,True
30-01077-01,CARRIER CORP,"FILTER, AIR, ENGINE",FILTERS,82,41,17,Y,YES,YES,3,True
30-01090-04,CARRIER CORP,"FILTER, FUEL/WATER SEPARATOR",FILTERS,82,39,12,Y,YES,YES,3,True
30-01090-05,CARRIER CORP,"FILTER, FUEL, PRIMARY",FILTERS,82,39,12,Y,YES,YES,3,True
3004473C93,NAVISTAR,"FILTER, FUEL/WATER SEPARATOR",FILTERS,44,2,16,Y,YES,YES,3,True
30-50373-00SV,CARRIER CORP,"FILTER, KIT, ENGINE, PM",FILTERS,82,41,5,Y,YES,YES,4,True
30-50374-00SV,CARRIER CORP,"FILTER, KIT, ENGINE, PM",FILTERS,82,41,5,Y,YES,YES,4,True
30A4000103,MITSUBISHI,"FILTER, OIL, ENGINE",FILTERS,266,1,0,Y,YES,YES,3,True
31103-00,MERITOR N.A.,"FILTER, INLINE, TIRE INFLATION",FILTERS,17,9,6,Y,YES,YES,4,True
32670-12620-71,TOYOTA,"FILTER, OIL, TRANSMISSION",FILTERS,266,2,0,Y,YES,YES,3,True
3321143,POWERBOSS,"FILTER, AIR, ENGINE",FILTERS,266,2,0,Y,YES,YES,3,True
3322572,POWERBOSS,"FILTER, AIR, ENGINE",FILTERS,266,2,0,Y,YES,YES,3,True
3336584,POWERBOSS,"FILTER, FUEL, LPG",FILTERS,266,2,0,Y,YES,YES,3,True
3342201,POWERBOSS,"FILTER, OIL, ENGINE",FILTERS,266,2,0,Y,YES,YES,3,True
3344840,POWERBOSS,"FILTER, OIL, ENGINE",FILTERS,61,2,4,Y,YES,YES,3,True
33837,MICROGARD,"FILTER, FUEL, PRIMARY",FILTERS,44,2,19,Y,YES,YES,3,True
34724,ROBINAIR DIVISION,"FILTER, REFRIGERANT, DRYER",FILTERS,53,11,1,Y,YES,YES,3,True
3604,NAPA,"FILTER, FUEL/WATER SEPARATOR",FILTERS,44,2,87,Y,YES,YES,3,True
3670134C1,NAVISTAR,"FILTER, A/C, RECEIVER/DRYER",FILTERS,1,1,438,Y,YES,YES,3,True
3672,MICROGARD,"FILTER, AIR, CABIN",FILTERS,1,1,219,Y,YES,YES,3,True
369746,TENNANT,"FILTER, AIR, ENGINE",FILTERS,61,0,0,Y,YES,YES,3,True
371972,TENNANT,"FILTER, OIL, ENGINE",FILTERS,61,0,0,Y,YES,YES,3,True
3839141C1,NAVISTAR,"FILTER, CABIN, AIR",FILTERS,1,1,219,Y,YES,YES,3,True
3839326C1,NAVISTAR,"FILTER, AIR, CABIN, RECIRC",FILTERS,1,1,219,Y,YES,YES,4,True
386326,TENNANT,"FILTER, DUST, FAN, VACUUM",FILTERS,61,0,0,Y,YES,YES,4,True
3905161S,FLEETGUARD,"GAUGE, RESTRICTION, FILTER",FILTERS,41,1,42,Y,YES,YES,3,True
3937557S,FLEETGUARD,"FILTER, OIL, POWER STEERING",FILTERS,15,5,46,Y,YES,YES,4,True
393982,TENNANT,"FILTER, OIL, ENGINE",FILTERS,61,,,Y,NO,YES,3,True
398279,TENNANT,"FILTER, AIR, ENGINE",FILTERS,61,0,0,Y,YES,YES,3,True
3C3Z-6731-AA,FORD MOTOR CO,"FILTER, OIL, ENGINE",FILTERS,45,11,1,Y,YES,YES,3,True
3C3Z-9N184-CB,FORD MOTOR CO,"FILTER, FUEL/WATER SEPARATOR",FILTERS,44,2,16,Y,YES,YES,3,True
4000258,HYSTER CO.,"FILTER, OIL, HYDRAULIC",FILTERS,266,3,0,Y,YES,YES,3,True
4020588,HYSTER CO.,"FILTER, OIL, TRANSMISSION",FILTERS,266,2,0,Y,YES,YES,3,True
4043517C1,NAVISTAR,"FILTER, OIL, POWER STEERING",FILTERS,15,5,46,Y,YES,YES,4,True
4070948C1,NAVISTAR,"FILTER, AIR, CABIN",FILTERS,1,1,219,Y,YES,YES,3,True
4071HP,MICROGARD,"FILTER, CABIN, AIR",FILTERS,1,1,219,Y,YES,YES,3,True
4079,MICROGARD,"FILTER, AIR, CABIN",FILTERS,1,1,219,Y,YES,YES,3,True
4080114C2,NAVISTAR,"FILTER, FUEL/WATER SEPARATOR",FILTERS,44,2,87,Y,YES,YES,3,True
4090340,HYSTER CO.,"FILTER, OIL, ENGINE",FILTERS,266,2,0,Y,YES,YES,3,True
4093,MICROGARD,"FILTER, AIR, CABIN",FILTERS,1,1,219,Y,YES,YES,3,True
4107,MICROGARD,"FILTER, AIR, CABIN",FILTERS,1,1,219,Y,YES,YES,3,True
4107HP,MICROGARD,"FILTER, AIR, CABIN",FILTERS,1,1,219,Y,YES,YES,3,True
4110,MICROGARD,"FILTER, AIR, CABIN",FILTERS,1,1,219,Y,YES,YES,3,True
4123,MICROGARD,"FILTER, AIR, CABIN",FILTERS,1,1,219,Y,YES,YES,3,True
4132,MICROGARD,"FILTER, AIR, CABIN",FILTERS,1,1,219,Y,YES,YES,3,True
420438-1,TICO TRACTORS,"FILTER, OIL, HYDRAULIC",FILTERS,65,6,18,Y,YES,YES,3,True
4304827,FULLER TRANSMISSION,"FILTER, OIL, TRANSMISSION",FILTERS,27,36,,Y,NO,YES,3,True
4324209232,ZF WABCO,"CARTRIDGE, AIR DRYER",FILTERS,13,10,129,Y,YES,YES,3,True
4329012482,ZF WABCO,"CARTRIDGE, AIR DRYER",FILTERS,13,10,129,Y,YES,YES,3,True
4478300100,MERCEDES-BENZ OF NA,"FILTER, AIR, CABIN",FILTERS,1,1,219,Y,YES,YES,3,True
46646,WIX CORP,"FILTER, AIR, CABIN",FILTERS,1,1,219,Y,YES,YES,3,True
46916,WIX CORP,"FILTER, AIR, ENGINE",FILTERS,41,1,5,Y,YES,YES,3,True
49017,WIX CORP,"FILTER, AIR, ENGINE",FILTERS,41,1,5,Y,YES,YES,3,True
49019-0032,KAWASAKI,"FILTER, FUEL, PRIMARY, KIT",FILTERS,44,2,,Y,NO,YES,4,True
49022,WIX CORP,"FILTER, AIR, ENGINE",FILTERS,41,1,5,Y,YES,YES,3,True
49064,WIX CORP,"FILTER, AIR, ENGINE",FILTERS,41,1,5,Y,YES,YES,3,True
4920476,CUMMINS ENGINE CO,"FILTER, COOLANT, ENGINE",FILTERS,42,7,1,Y,YES,YES,3,True
49225,WIX CORP,"FILTER, AIR, ENGINE",FILTERS,41,1,5,Y,YES,YES,3,True
4C2Z-9N184-BA,FORD MOTOR CO,"FILTER, FUEL/WATER SEPARATOR",FILTERS,44,2,16,Y,YES,YES,3,True
5008414,"BENDIX CORP, THE","CARTRIDGE, AIR DRYER",FILTERS,13,10,129,Y,YES,YES,3,True
51551,WIX CORP,"FILTER, OIL, HYDRAULIC",FILTERS,65,6,18,Y,YES,YES,3,True
518217,CARQUEST,"FILTER, AIR, ENGINE",FILTERS,41,1,5,Y,YES,YES,3,True
5303604,CUMMINS ENGINE CO,"FILTER, DEF FLUID",FILTERS,43,7,28,Y,YES,YES,3,True
5363390,CUMMINS ENGINE CO,"FILTER, FUEL, PRIMARY",FILTERS,44,2,1,Y,YES,YES,3,True
5507120,THERMO KING,"FILTER, AIR, ENGINE",FILTERS,82,41,17,Y,YES,YES,3,True
552119,NAPA,"FILTER, AIR, CABIN",FILTERS,41,1,5,Y,YES,YES,3,True
5579176,CUMMINS ENGINE CO,"FILTER, DEF, KIT",FILTERS,43,7,28,Y,YES,YES,3,True
56510581,NILFISK,"FILTER, SOLUTION, KIT",FILTERS,61,10,0,Y,YES,YES,3,True
5679573,CUMMINS ENGINE CO,"FILTER, CRANKCASE, VENTILATION",FILTERS,45,14,7,Y,YES,YES,3,True
57082,WIX CORP,"FILTER, OIL, ENGINE",FILTERS,45,11,1,Y,YES,YES,3,True
5C3Z-9601-AB,FORD MOTOR CO,"FILTER, AIR, ENGINE",FILTERS,41,1,5,Y,YES,YES,3,True
5S013817,"PACCAR, INC.","FILTER, AIR, CABIN",FILTERS,1,1,219,Y,YES,YES,3,True
5Z768,SOLBERG,"FILTER, AIR, COKE PUMP",FILTERS,92,2,46,Y,YES,YES,4,True
610600,THERMO KING,"FILTER, DRIER, REFRIGERANT",FILTERS,82,10,2,Y,YES,YES,3,True
667800,THERMO KING,"FILTER, OIL, ENGINE",FILTERS,82,2,,Y,NO,YES,3,True
67501-12900-71,TOYOTA,"FILTER, OIL, HYDRAULIC",FILTERS,266,3,0,Y,YES,YES,3,True
67502-23000-71,TOYOTA,"FILTER, OIL, HYDRAULIC",FILTERS,266,3,0,Y,YES,YES,3,True
67502-23320-71,TOYOTA,"FILTER, OIL, HYDRAULIC",FILTERS,266,3,0,Y,YES,YES,3,True
67502-U2230-71,TOYOTA,"FILTER, OIL, HYDRAULIC",FILTERS,266,3,0,Y,YES,YES,3,True
6C2Z-9601-C,FORD MOTOR CO,"FILTER, AIR, ENGINE",FILTERS,41,1,5,Y,YES,YES,3,True
7-24-04085,NILFISK,"FILTER, AIR, OUTER",FILTERS,61,0,0,Y,YES,YES,3,True
7-24-04086,NILFISK,"FILTER, AIR, INNER",FILTERS,61,0,0,Y,YES,YES,3,True
78677270,VOLVO,"FILTER, PUMP, SCREENWASH",FILTERS,2,35,81,Y,YES,YES,3,True
7C3Z-9601-C,FORD MOTOR CO,"FILTER, AIR, ENGINE",FILTERS,41,1,5,Y,YES,YES,3,True
82269261,VOLVO,"FILTER, FILLER NECK, DEF",FILTERS,43,7,188,Y,YES,YES,4,True
84000015,GENERAL MOTORS CORP,"FILTER, AIR, ENGINE",FILTERS,41,1,5,Y,YES,YES,3,True
84373974,GENERAL MOTORS CORP,"FILTER, AIR, ENGINE",FILTERS,41,1,5,Y,YES,YES,3,True
844179,BRIGGS & STRATTON,"FILTER, AIR, ENGINE",FILTERS,41,1,5,Y,YES,YES,3,True
845090,BRIGGS & STRATTON,"FILTER, AIR, ENGINE",FILTERS,41,1,5,Y,YES,YES,3,True
85249,CARQUEST,"FILTER, OIL, ENGINE",FILTERS,45,11,5,Y,YES,YES,3,True
87904M,NELSON MFG,"FILTER, POWER STEERING",FILTERS,15,5,46,Y,YES,YES,3,True
88970273,GENERAL MOTORS CORP,"FILTER, AIR, CABIN",FILTERS,1,1,219,Y,YES,YES,3,True
8C3Z-7A098-D,FORD MOTOR CO,"FILTER, OIL, TRANSMISSION",FILTERS,27,36,4,Y,YES,YES,3,True
90022187,OTTAWA TRUCKS NA,"FILTER, A/C, RECEIVER/DRYER",FILTERS,1,1,438,Y,YES,YES,3,True
90033647,OTTAWA TRUCKS NA,"FILTER, AIR, CABIN",FILTERS,1,1,219,Y,YES,YES,3,True
90035364,OTTAWA TRUCKS NA,"FILTER, AIR, ENGINE, SECONDARY",FILTERS,41,1,89,Y,YES,YES,4,True
90035365,OTTAWA TRUCKS NA,"FILTER, AIR, ENGINE",FILTERS,41,1,5,Y,YES,YES,3,True
90036438,OTTAWA TRUCKS NA,"FILTER, AIR, CABIN",FILTERS,1,1,219,Y,YES,YES,3,True
90036439,OTTAWA TRUCKS NA,"FILTER, AIR, RECIRCULATION",FILTERS,1,1,219,Y,YES,YES,3,True
90037519,OTTAWA TRUCKS NA,"FILTER, OIL, HYDRAULIC",FILTERS,59,36,14,Y,YES,YES,3,True
9007380,TENNANT,"FILTER, FUEL, PRIMARY, LPG",FILTERS,61,0,0,Y,YES,YES,4,True
9017,NAPA,"FILTER, AIR, ENGINE",FILTERS,41,1,5,Y,YES,YES,3,True
9087,NAPA,"FILTER, AIR, ENGINE",FILTERS,41,1,5,Y,YES,YES,3,True
90915-YZZD1,TOYOTA,"FILTER, OIL, ENGINE",FILTERS,266,2,0,Y,YES,YES,3,True
91H2100240,MITSUBISHI,"FILTER, OIL, ENGINE",FILTERS,45,11,1,Y,YES,YES,3,True
9T1Z-9601-A,FORD MOTOR CO,"FILTER, AIR, ENGINE",FILTERS,41,1,5,Y,YES,YES,3,True
A0000-00063,MITSUBISHI,"FILTER, AIR, ENGINE",FILTERS,266,2,0,Y,YES,YES,3,True
A000003458,MITSUBISHI,"FILTER, AIR, ENGINE",FILTERS,41,1,5,Y,YES,YES,3,True
A0000901351,MERCEDES-BENZ OF NA,"FILTER, FUEL, PRIMARY",FILTERS,44,2,1,Y,YES,YES,3,True
A0000901551,DETROIT DIESEL CORP,"FILTER, FUEL, PRIMARY",FILTERS,44,2,2,Y,YES,YES,3,True
A0000904851,DETROIT DIESEL CORP,"FILTER, FUEL/WATER SEPARATOR",FILTERS,44,2,16,Y,YES,YES,3,True
A0000905051,DETROIT DIESEL CORP,"FILTER, FUEL/WATER SEPERATOR",FILTERS,44,2,16,Y,YES,YES,3,True
A0000905151,DETROIT DIESEL CORP,"FILTER, FUEL, PRIMARY, KIT",FILTERS,44,2,19,Y,YES,YES,4,True
A0000905251,DETROIT DIESEL CORP,"FILTER, FUEL/WATER SEPARATOR",FILTERS,44,2,2,Y,YES,YES,3,True
A0001400594,DETROIT DIESEL CORP,"FILTER, DEF FLUID",FILTERS,43,7,159,Y,YES,YES,3,True
A0001420289,MERCEDES-BENZ OF NA,"FILTER, DEF FLUID",FILTERS,43,7,28,Y,YES,YES,3,True
A0001421089,MERCEDES-BENZ OF NA,"FILTER, DEF FLUID",FILTERS,43,7,28,Y,YES,YES,3,True
A0001802909,MERCEDES-BENZ OF NA,"FILTER, OIL, ENGINE",FILTERS,45,11,5,Y,YES,YES,3,True
A0004700892,DETROIT DIESEL CORP,"FILTER, DEF FLUID",FILTERS,43,7,28,Y,YES,YES,3,True
A04-27207-000,FREIGHTLINER,"FILTER, DEF FLUID",FILTERS,43,7,28,Y,YES,YES,3,True
A4700903151,DETROIT DIESEL CORP,"FILTER, FUEL, PRIMARY, KIT",FILTERS,44,2,19,Y,YES,YES,4,True
A4710900955,FREIGHTLINER,"FILTER, 3-2 CONVERSION, FUEL",FILTERS,44,2,1,Y,YES,YES,4,True
A4711800209,DETROIT DIESEL CORP,"FILTER, OIL, ENGINE",FILTERS,45,11,5,Y,YES,YES,3,True
A4720921705,DETROIT DIESEL CORP,"FILTER, FUEL, PRIMARY, KIT",FILTERS,44,2,19,Y,YES,YES,4,True
A4722030355,DETROIT DIESEL CORP,"FILTER, COOLANT, ENGINE",FILTERS,42,7,1,Y,YES,YES,3,True
A4731800409,MERCEDES-BENZ OF NA,"FILTER, OIL, ENGINE",FILTERS,45,11,1,Y,YES,YES,3,True
A4731800909,MERCEDES-BENZ OF NA,"FILTER, OIL, ENGINE",FILTERS,45,11,5,Y,YES,YES,3,True
A5410900151,MERCEDES-BENZ OF NA,"FILTER, FUEL, PRIMARY",FILTERS,44,2,2,Y,YES,YES,3,True
A9061800209,DETROIT DIESEL CORP,"FILTER, OIL, ENGINE",FILTERS,45,11,5,Y,YES,YES,3,True
A9061810086,DETROIT DIESEL CORP,"FILTER, OIL, CENTRIFUGE KIT",FILTERS,45,11,67,Y,YES,YES,4,True
A9360900651,DETROIT DIESEL CORP,"FILTER, FUEL, PRIMARY, KIT",FILTERS,44,2,19,Y,YES,YES,4,True
A9361807410,DETROIT DIESEL CORP,"FILTER, OIL, ENGINE",FILTERS,45,11,5,Y,YES,YES,3,True
AA5Z-6714-A,FORD MOTOR CO,"FILTER, OIL, ENGINE",FILTERS,45,11,1,Y,YES,YES,3,True
AA5Z-6714-B,FORD MOTOR CO,"FILTER, OIL, ENGINE",FILTERS,45,11,1,Y,YES,YES,3,True
AD27747,FLEETGUARD,"CARTRIDGE, AIR DRYER",FILTERS,13,10,129,Y,YES,YES,3,True
AD27750,FLEETGUARD,"CARTRIDGE, AIR DRYER",FILTERS,13,10,129,Y,YES,YES,3,True
AD56413195,NILFISK,"FILTER, AIR, VACUUM",FILTERS,61,0,0,Y,YES,YES,3,True
AF24302,FLEETGUARD,"FILTER, AIR, ENGINE",FILTERS,41,1,5,Y,YES,YES,3,True
AF24305,FLEETGUARD,"FILTER, AIR, ENGINE",FILTERS,41,1,5,Y,YES,YES,3,True
AF25033,FLEETGUARD,"FILTER, AIR, ENGINE",FILTERS,41,1,5,Y,YES,YES,3,True
AF25119,FLEETGUARD,"FILTER, AIR, ENGINE",FILTERS,41,1,5,Y,YES,YES,3,True
AF25133,FLEETGUARD,"FILTER, AIR, ENGINE",FILTERS,41,1,5,Y,YES,YES,3,True
AF25139M,FLEETGUARD,"FILTER, AIR, ENGINE",FILTERS,41,1,5,Y,YES,YES,3,True
AF25248,FLEETGUARD,"FILTER, AIR, ENGINE",FILTERS,41,1,5,Y,YES,YES,3,True
AF25306,FLEETGUARD,"FILTER, AIR, ENGINE",FILTERS,41,1,5,Y,YES,YES,3,True
AF25337M,FLEETGUARD,"FILTER, AIR, ENGINE",FILTERS,41,1,5,Y,YES,YES,3,True
AF25423,FLEETGUARD,"FILTER, AIR, ENGINE",FILTERS,41,1,5,Y,YES,YES,3,True
AF25550,FLEETGUARD,"FILTER, AIR, ENGINE",FILTERS,41,1,5,Y,YES,YES,3,True
AF25551,FLEETGUARD,"FILTER, AIR, ENGINE",FILTERS,41,1,5,Y,YES,YES,3,True
AF25572,FLEETGUARD,"FILTER, AIR, ENGINE",FILTERS,41,1,5,Y,YES,YES,3,True
AF25590,FLEETGUARD,"FILTER, AIR, ENGINE",FILTERS,41,1,5,Y,YES,YES,3,True
AF25636,FLEETGUARD,"FILTER, AIR, ENGINE",FILTERS,41,1,5,Y,YES,YES,3,True
AF25684,FLEETGUARD,"FILTER, AIR, ENGINE",FILTERS,41,1,5,Y,YES,YES,3,True
AF25700,FLEETGUARD,"FILTER, AIR, ENGINE",FILTERS,41,1,5,Y,YES,YES,3,True
AF25707,FLEETGUARD,"FILTER, AIR, ENGINE",FILTERS,41,1,5,Y,YES,YES,3,True
AF25732,FLEETGUARD,"FILTER, AIR, ENGINE",FILTERS,41,1,5,Y,YES,YES,3,True
AF25757,FLEETGUARD,"FILTER, AIR, ENGINE",FILTERS,41,1,5,Y,YES,YES,3,True
AF25854,FLEETGUARD,"FILTER, AIR, ENGINE",FILTERS,41,1,5,Y,YES,YES,3,True
AF26103,FLEETGUARD,"FILTER, AIR, ENGINE",FILTERS,41,1,5,Y,YES,YES,3,True
AF26152,FLEETGUARD,"FILTER, AIR, ENGINE",FILTERS,41,1,5,Y,YES,YES,3,True
AF26154,FLEETGUARD,"FILTER, AIR, ENGINE",FILTERS,41,1,5,Y,YES,YES,3,True
AF26163M,FLEETGUARD,"FILTER, AIR, ENGINE",FILTERS,41,1,5,Y,YES,YES,3,True
AF26193,FLEETGUARD,"FILTER, AIR, ENGINE",FILTERS,41,1,5,Y,YES,YES,3,True
AF26203,FLEETGUARD,"FILTER, AIR, ENGINE",FILTERS,41,1,5,Y,YES,YES,3,True
AF26235,FLEETGUARD,"FILTER, AIR, CABIN",FILTERS,1,1,219,Y,YES,YES,3,True
AF26268,FLEETGUARD,"FILTER, AIR, ENGINE, SECONDARY",FILTERS,41,1,5,Y,YES,YES,4,True
AF26324,FLEETGUARD,"FILTER, AIR, ENGINE",FILTERS,41,1,5,Y,YES,YES,3,True
AF26328M,FLEETGUARD,"FILTER, AIR, ENGINE",FILTERS,41,1,5,Y,YES,YES,3,True
AF26363,FLEETGUARD,"FILTER, AIR, ENGINE",FILTERS,41,1,5,Y,YES,YES,3,True
AF26375,FLEETGUARD,"FILTER, AIR, ENGINE",FILTERS,41,1,5,Y,YES,YES,3,True
AF26405,FLEETGUARD,"FILTER, AIR, CABIN",FILTERS,1,1,219,Y,YES,YES,3,True
AF26424,FLEETGUARD,"FILTER, AIR, ENGINE",FILTERS,41,1,5,Y,YES,YES,3,True
AF26427,FLEETGUARD,"FILTER, AIR, CABIN",FILTERS,1,1,219,Y,YES,YES,3,True
AF26429,FLEETGUARD,"FILTER, AIR, CABIN",FILTERS,1,1,219,Y,YES,YES,3,True
AF26430,FLEETGUARD,"FILTER, AIR, CABIN",FILTERS,1,1,219,Y,YES,YES,3,True
AF26449,FLEETGUARD,"FILTER, AIR, CABIN",FILTERS,1,1,219,Y,YES,YES,3,True
AF26450,FLEETGUARD,"FILTER, AIR, CABIN",FILTERS,1,1,219,Y,YES,YES,3,True
AF26459,FLEETGUARD,"FILTER, AIR, CABIN",FILTERS,1,1,219,Y,YES,YES,3,True
AF26462,FLEETGUARD,"FILTER, AIR, CABIN",FILTERS,1,1,219,Y,YES,YES,3,True
AF26472M,FLEETGUARD,"FILTER, AIR, ENGINE",FILTERS,41,1,5,Y,YES,YES,3,True
AF26657,FLEETGUARD,"FILTER, AIR, ENGINE",FILTERS,41,1,5,Y,YES,YES,3,True
AF27684,FLEETGUARD,"FILTER, AIR, ENGINE",FILTERS,41,1,5,Y,YES,YES,3,True
AF27687,FLEETGUARD,"FILTER, AIR, ENGINE",FILTERS,41,1,5,Y,YES,YES,3,True
AF27688,FLEETGUARD,"FILTER, AIR, ENGINE",FILTERS,41,1,5,Y,YES,YES,3,True
AF27693,FLEETGUARD,"FILTER, AIR, ENGINE",FILTERS,41,1,5,Y,YES,YES,3,True
AF27706,FLEETGUARD,"FILTER, AIR, ENGINE, SECONDARY",FILTERS,41,1,89,Y,YES,YES,4,True
AF27823,FLEETGUARD,"FILTER, AIR, ENGINE",FILTERS,41,1,5,Y,YES,YES,3,True
AF27882,FLEETGUARD,"FILTER, AIR, ENGINE",FILTERS,41,1,5,Y,YES,YES,3,True
AF27910,FLEETGUARD,"FILTER, AIR, ENGINE",FILTERS,41,1,5,Y,YES,YES,3,True
AF27958,FLEETGUARD,"FILTER, AIR, CABIN",FILTERS,1,1,219,Y,YES,YES,3,True
AF4135,FLEETGUARD,"FILTER, AIR, ENGINE",FILTERS,41,1,5,Y,YES,YES,3,True
AF4195,FLEETGUARD,"FILTER, AIR, ENGINE",FILTERS,41,1,5,Y,YES,YES,3,True
AF4219,FLEETGUARD,"FILTER, AIR, ENGINE",FILTERS,41,1,5,Y,YES,YES,3,True
AF4222,FLEETGUARD,"FILTER, AIR, ENGINE",FILTERS,41,1,5,Y,YES,YES,3,True
AF4263,FLEETGUARD,"FILTER, AIR, ENGINE",FILTERS,41,1,5,Y,YES,YES,3,True
AF4283,FLEETGUARD,"FILTER, AIR, ENGINE",FILTERS,41,1,5,Y,YES,YES,3,True
AF4284,FLEETGUARD,"FILTER, AIR, ENGINE",FILTERS,41,1,5,Y,YES,YES,3,True
AF4286,FLEETGUARD,"FILTER, AIR, ENGINE",FILTERS,41,1,5,Y,YES,YES,3,True
AF4331,FLEETGUARD,"FILTER, AIR, ENGINE",FILTERS,41,1,5,Y,YES,YES,3,True
AF4339,FLEETGUARD,"FILTER, AIR, ENGINE",FILTERS,41,1,5,Y,YES,YES,3,True
AF4343,FLEETGUARD,"FILTER, AIR, ENGINE",FILTERS,41,1,5,Y,YES,YES,3,True
AF4344,FLEETGUARD,"FILTER, AIR, ENGINE",FILTERS,41,1,5,Y,YES,YES,3,True
AF435KM,FLEETGUARD,"FILTER, AIR, ENGINE",FILTERS,41,1,5,Y,YES,YES,3,True
AF4739,FLEETGUARD,"FILTER, AIR, ENGINE",FILTERS,41,1,5,Y,YES,YES,3,True
AF4878,FLEETGUARD,"FILTER, AIR, ENGINE",FILTERS,41,1,5,Y,YES,YES,3,True
AF55005,FLEETGUARD,"FILTER, AIR, ENGINE",FILTERS,41,1,5,Y,YES,YES,3,True
AF55014,FLEETGUARD,"FILTER, AIR, ENGINE",FILTERS,41,1,5,Y,YES,YES,3,True
AF55021,FLEETGUARD,"FILTER, AIR, ENGINE",FILTERS,41,1,5,Y,YES,YES,3,True
AF55308,FLEETGUARD,"FILTER, AIR, ENGINE, SECONDARY",FILTERS,41,1,89,Y,YES,YES,4,True
AF55309,FLEETGUARD,"FILTER, AIR, ENGINE, SECONDARY",FILTERS,41,1,89,Y,YES,YES,4,True
AF55700,FLEETGUARD,"FILTER, AIR, CABIN",FILTERS,1,1,219,Y,YES,YES,3,True
AF55704,FLEETGUARD,"FILTER, AIR, CABIN",FILTERS,1,1,219,Y,YES,YES,3,True
AF55764,FLEETGUARD,"FILTER, AIR, CABIN",FILTERS,1,1,219,Y,YES,YES,3,True
AF55820,FLEETGUARD,"FILTER, AIR, CABIN, RECIRC",FILTERS,1,1,219,Y,YES,YES,4,True
AF55832,FLEETGUARD,"FILTER, AIR, CABIN",FILTERS,1,1,219,Y,YES,YES,3,True
AF55836,FLEETGUARD,"FILTER, AIR, CABIN",FILTERS,1,1,219,Y,YES,YES,3,True
AF55837,FLEETGUARD,"FILTER, AIR, CABIN",FILTERS,1,1,219,Y,YES,YES,3,True
AF55839,FLEETGUARD,"FILTER, AIR, CABIN",FILTERS,1,1,219,Y,YES,YES,3,True
AF56054,FLEETGUARD,"FILTER, AIR, CABIN",FILTERS,1,1,219,Y,YES,YES,3,True
AF56060,FLEETGUARD,"FILTER, AIR, CABIN",FILTERS,1,1,219,Y,YES,YES,3,True
AF56065,FLEETGUARD,"FILTER, AIR, CABIN",FILTERS,1,1,219,Y,YES,YES,3,True
AF56099,FLEETGUARD,"FILTER, AIR, CABIN",FILTERS,1,1,219,Y,YES,YES,3,True
AF56102,FLEETGUARD,"FILTER, AIR, CABIN",FILTERS,1,1,219,Y,YES,YES,3,True
AF56107,FLEETGUARD,"FILTER, AIR, CABIN",FILTERS,1,1,219,Y,YES,YES,3,True
AF56500,FLEETGUARD,"FILTER, AIR, ENGINE",FILTERS,41,1,5,Y,YES,YES,3,True
AF839,FLEETGUARD,"FILTER, AIR, ENGINE",FILTERS,41,1,5,Y,YES,YES,3,True
AF979,FLEETGUARD,"FILTER, AIR, ENGINE",FILTERS,41,1,5,Y,YES,YES,3,True
AF979M,FLEETGUARD,"FILTER, AIR, ENGINE",FILTERS,41,1,5,Y,YES,YES,3,True
AFM30P-060AS,AIR TECHNIQUES,"FILTER, MIST, OUTLET",FILTERS,92,2,45,Y,YES,YES,3,True
AH1197,FLEETGUARD,"FILTER, AIR, ENGINE, W/HOUSING",FILTERS,41,1,26,Y,YES,YES,4,True
AH55543,FLEETGUARD,"FILTER, AIR, ENGINE, W/HOUSING",FILTERS,41,1,26,Y,YES,YES,4,True
AM117584,JOHN DEERE LTD.,"FILTER, FUEL, PRIMARY",FILTERS,44,2,1,Y,YES,YES,3,True
AM141445,JOHN DEERE LTD.,"FILTER, FUEL, PRIMARY",FILTERS,44,2,1,Y,YES,YES,3,True
AR15-1004,CUMMINS CLEAN FUEL,"FILTER, FUEL, HP, CNG",FILTERS,142,8,0,Y,YES,YES,4,True
AUC16614,JOHN DEERE LTD.,"FILTER, KIT, MAINTENANCE",FILTERS,177,0,0,Y,YES,YES,3,True
BE8Z-6731-AB,FORD MOTOR CO,"FILTER, OIL, ENGINE",FILTERS,45,11,1,Y,YES,YES,3,True
BE8Z-6731-AC,FORD MOTOR CO,"FILTER, OIL, ENGINE",FILTERS,45,11,1,Y,YES,YES,3,True
BK2Z-19N619-A,FORD MOTOR CO,"FILTER, AIR, CABIN",FILTERS,1,1,219,Y,YES,YES,3,True
C1154,NASHVILLE MB LOCAL,"FILTER, AIR, ENGINE",FILTERS,41,1,5,Y,YES,YES,3,True
C2804-1,AIR TECHNIQUES,"FILTER, ELEMENT, OIL VAPOUR",FILTERS,92,2,46,Y,YES,YES,4,True
C2813,AIR TECHNIQUES,"FILTER, MIST, OUTLET",FILTERS,92,2,45,Y,YES,YES,3,True
CF188,ACDELCO,"FILTER, AIR, CABIN",FILTERS,1,1,219,Y,YES,YES,3,True
CF19501C,CLIMATECH INDS,"FILTER, AIR, CABIN",FILTERS,1,1,219,Y,YES,YES,3,True
CJ5Z-9601-A,FORD MOTOR CO,"FILTER, AIR, ENGINE",FILTERS,41,1,5,Y,YES,YES,3,True
CK4Z-7A098-A,FORD MOTOR CO,"FILTER, OIL, TRANSMISSION",FILTERS,27,36,8,Y,YES,YES,3,True
CK4Z-9601-A,FORD MOTOR CO,"FILTER, AIR, ENGINE",FILTERS,41,1,,Y,NO,YES,3,True
CS41008,FLEETGUARD,"FILTER, OIL, CENTRIFUGE KIT",FILTERS,45,11,67,Y,YES,YES,4,True
CS41043,FLEETGUARD,"FILTER, OIL, CENTRIFUGE KIT",FILTERS,45,11,67,Y,YES,YES,4,True
CS41044,FLEETGUARD,"FILTER, OIL, CENTRIFUGE KIT",FILTERS,45,11,67,Y,YES,YES,4,True
CTT00001818,OTTAWA TRUCKS NA,"FILTER, OIL, HYDRAULIC",FILTERS,59,36,14,Y,YES,YES,3,True
CV50626,FLEETGUARD,"FILTER, VENTILATION, CRANKCASE",FILTERS,45,14,7,Y,YES,YES,3,True
CV50628,FLEETGUARD,"FILTER, VENTILATION, CRANKCASE",FILTERS,45,14,7,Y,YES,YES,3,True
CV50633,FLEETGUARD,"FILTER, VENTILATION, CRANKCASE",FILTERS,45,14,7,Y,YES,YES,3,True
CV50634,FLEETGUARD,"FILTER, VENTILATION, CRANKCASE",FILTERS,45,14,7,Y,YES,YES,3,True
CV50900,FLEETGUARD,"FILTER, VENTILATION, CRANKCASE",FILTERS,45,14,7,Y,YES,YES,3,True
CV52001,FLEETGUARD,"FILTER, VENTILATION, CRANKCASE",FILTERS,45,14,7,Y,YES,YES,3,True
CV52055,FLEETGUARD,"FILTER, VENTILATION, CRANKCASE",FILTERS,45,14,7,Y,YES,YES,3,True
CV6Z-19N619-A,FORD MOTOR CO,"FILTER, AIR, CABIN",FILTERS,1,1,219,Y,YES,YES,3,True
CV6Z-9601-A,FORD MOTOR CO,"FILTER, AIR, ENGINE",FILTERS,41,1,5,Y,YES,YES,3,True
DLS113-6K,PARKER-HANNIFIN,"FILTER, FUEL, LNG/CNG",FILTERS,142,8,0,Y,YES,YES,3,True
E4FZ-6731-AB,FORD MOTOR CO,"FILTER, OIL, ENGINE",FILTERS,45,11,1,Y,YES,YES,3,True
F1810PM0,FILL-RITE DIV.,"FILTER, FUEL, TRANSFER",FILTERS,47,,,Y,NO,YES,3,True
F1AZ-6731-BD,FORD MOTOR CO,"FILTER, OIL, ENGINE",FILTERS,45,11,1,Y,YES,YES,3,True
F37-1018,PETERBILT MOTORS CO,"FILTER, AIR, CABIN",FILTERS,1,1,219,Y,YES,YES,3,True
F5OZ-9601-BA,FORD MOTOR CO,"FILTER, AIR, ENGINE",FILTERS,41,1,5,Y,YES,YES,3,True
FA-1632,MOTORCRAFT CORP.,"FILTER, AIR, ENGINE",FILTERS,41,1,5,Y,YES,YES,3,True
FA1744,MOTORCRAFT CORP.,"FILTER, AIR, ENGINE",FILTERS,41,1,5,Y,YES,YES,3,True
FA1884,MOTORCRAFT CORP.,"FILTER, AIR, ENGINE",FILTERS,41,1,5,Y,YES,YES,3,True
FA1910,MOTORCRAFT CORP.,"FILTER, AIR, ENGINE",FILTERS,41,1,5,Y,YES,YES,3,True
FA1938,MOTORCRAFT CORP.,"FILTER, AIR, ENGINE",FILTERS,41,1,5,Y,YES,YES,3,True
FA-1950,MOTORCRAFT CORP.,"FILTER, AIR, ENGINE",FILTERS,41,1,5,Y,YES,YES,3,True
FC4Z-9601-B,FORD MOTOR CO,"FILTER, AIR, ENGINE",FILTERS,41,1,5,Y,YES,YES,3,True
FD4616,MOTORCRAFT CORP.,"FILTER, FUEL/WATER SEPARATOR",FILTERS,44,2,16,Y,YES,YES,3,True
FD4637,MOTORCRAFT CORP.,"FILTER, FUEL, PRIMARY, KIT",FILTERS,44,2,19,Y,YES,YES,4,True
FD4647,MOTORCRAFT CORP.,"FILTER, FUEL, PRIMARY",FILTERS,44,2,19,Y,YES,YES,3,True
FF105,FLEETGUARD,"FILTER, FUEL, PRIMARY",FILTERS,44,2,1,Y,YES,YES,3,True
FF149,FLEETGUARD,"FILTER, FUEL, PRIMARY",FILTERS,44,2,1,Y,YES,YES,3,True
FF204,FLEETGUARD,"FILTER, FUEL, PRIMARY",FILTERS,44,2,1,Y,YES,YES,3,True
FF2200,FLEETGUARD,"FILTER, FUEL, PRIMARY",FILTERS,44,2,2,Y,YES,YES,3,True
FF2203,FLEETGUARD,"FILTER, FUEL, PRIMARY",FILTERS,44,2,1,Y,YES,YES,3,True
FF236,FLEETGUARD,"FILTER, FUEL, PRIMARY",FILTERS,44,2,2,Y,YES,YES,3,True
FF252,FLEETGUARD,"FILTER, FUEL, PRIMARY",FILTERS,44,2,1,Y,YES,YES,3,True
FF254,FLEETGUARD,"FILTER, FUEL, SECONDARY",FILTERS,44,2,7,Y,YES,YES,3,True
FF260,FLEETGUARD,"FILTER, FUEL, PRIMARY",FILTERS,44,2,1,Y,YES,YES,3,True
FF276,FLEETGUARD,"FILTER, FUEL, PRIMARY",FILTERS,44,2,1,Y,YES,YES,3,True
FF4136,FLEETGUARD,"FILTER, FUEL, PRIMARY",FILTERS,44,2,1,Y,YES,YES,3,True
FF42000,FLEETGUARD,"FILTER, FUEL, PRIMARY",FILTERS,44,2,1,Y,YES,YES,3,True
FF42102,FLEETGUARD,"FILTER, FUEL, PRIMARY",FILTERS,44,2,1,Y,YES,YES,3,True
FF42128NN,FLEETGUARD,"FILTER, FUEL, PRIMARY",FILTERS,44,2,1,Y,YES,YES,3,True
FF42131,FLEETGUARD,"FILTER, FUEL, PRIMARY",FILTERS,44,2,1,Y,YES,YES,3,True
FF42220,FLEETGUARD,"FILTER, FUEL, SECONDARY",FILTERS,44,2,3,Y,YES,YES,3,True
FF5045,FLEETGUARD,"FILTER, FUEL, PRIMARY",FILTERS,44,2,1,Y,YES,YES,3,True
FF5052,FLEETGUARD,"FILTER, FUEL, PRIMARY",FILTERS,44,2,1,Y,YES,YES,3,True
FF5089,FLEETGUARD,"FILTER, FUEL, PRIMARY",FILTERS,44,2,1,Y,YES,YES,3,True
FF5108,FLEETGUARD,"FILTER, FUEL, PRIMARY",FILTERS,44,2,1,Y,YES,YES,3,True
FF5160,FLEETGUARD,"FILTER, FUEL, PRIMARY",FILTERS,44,2,1,Y,YES,YES,3,True
FF5206,FLEETGUARD,"FILTER, FUEL, PRIMARY",FILTERS,44,2,1,Y,YES,YES,3,True
FF5269,FLEETGUARD,"FILTER, FUEL, PRIMARY",FILTERS,44,2,1,Y,YES,YES,3,True
FF5301,FLEETGUARD,"FILTER, FUEL, PRIMARY",FILTERS,44,2,1,Y,YES,YES,3,True
FF5319,FLEETGUARD,"FILTER, FUEL, PRIMARY",FILTERS,44,2,1,Y,YES,YES,3,True
FF5324,FLEETGUARD,"FILTER, FUEL, PRIMARY",FILTERS,44,2,1,Y,YES,YES,3,True
FF5369W,FLEETGUARD,"FILTER, FUEL, PRIMARY",FILTERS,44,2,2,Y,YES,YES,3,True
FF5380,FLEETGUARD,"FILTER, FUEL, PRIMARY",FILTERS,44,2,2,Y,YES,YES,3,True
FF5405,FLEETGUARD,"FILTER, FUEL, PRIMARY",FILTERS,44,2,2,Y,YES,YES,3,True
FF5418,FLEETGUARD,"FILTER, FUEL, PRIMARY",FILTERS,44,2,2,Y,YES,YES,3,True
FF5421,FLEETGUARD,"FILTER, FUEL, PRIMARY",FILTERS,44,2,1,Y,YES,YES,3,True
FF5455,FLEETGUARD,"FILTER, FUEL, PRIMARY",FILTERS,44,2,1,Y,YES,YES,3,True
FF5461,FLEETGUARD,"FILTER, FUEL, PRIMARY",FILTERS,44,2,1,Y,YES,YES,3,True
FF5480,FLEETGUARD,"FILTER, FUEL, PRIMARY",FILTERS,44,2,1,Y,YES,YES,3,True
FF5507,FLEETGUARD,"FILTER, FUEL, SECONDARY",FILTERS,44,2,3,Y,YES,YES,3,True
FF5612,FLEETGUARD,"FILTER, FUEL, PRIMARY",FILTERS,44,2,1,Y,YES,YES,3,True
FF5616,FLEETGUARD,"FILTER, FUEL, PRIMARY",FILTERS,44,2,1,Y,YES,YES,3,True
FF5632,FLEETGUARD,"FILTER, FUEL, PRIMARY",FILTERS,44,2,1,Y,YES,YES,3,True
FF5636,FLEETGUARD,"FILTER, FUEL, PRIMARY",FILTERS,44,2,1,Y,YES,YES,3,True
FF5639W,FLEETGUARD,"FILTER, FUEL, PRIMARY",FILTERS,44,2,2,Y,YES,YES,3,True
FF5675,FLEETGUARD,"FILTER, FUEL, PRIMARY",FILTERS,44,2,1,Y,YES,YES,3,True
FF5686,FLEETGUARD,"FILTER, FUEL, PRIMARY",FILTERS,44,2,1,Y,YES,YES,3,True
FF5690,FLEETGUARD,"FILTER, FUEL, PRIMARY",FILTERS,44,2,2,Y,YES,YES,3,True
FF5775,FLEETGUARD,"FILTER, FUEL, PRIMARY",FILTERS,44,2,2,Y,YES,YES,3,True
FF5776,FLEETGUARD,"FILTER, FUEL, PRIMARY",FILTERS,44,2,1,Y,YES,YES,3,True
FF5813,FLEETGUARD,"FILTER, FUEL, PRIMARY",FILTERS,44,2,1,Y,YES,YES,3,True
FF5816,FLEETGUARD,"FILTER, FUEL, PRIMARY",FILTERS,44,2,1,Y,YES,YES,3,True
FF5825NN,FLEETGUARD,"FILTER, FUEL, PRIMARY",FILTERS,44,2,1,Y,YES,YES,3,True
FF5871,FLEETGUARD,"FILTER, FUEL, PRIMARY",FILTERS,44,2,2,Y,YES,YES,3,True
FF5877,FLEETGUARD,"FILTER, FUEL, PRIMARY",FILTERS,44,2,1,Y,YES,YES,3,True
FF5971NN,FLEETGUARD,"FILTER, FUEL, PRIMARY",FILTERS,44,2,1,Y,YES,YES,3,True
FF5973,FLEETGUARD,"FILTER, FUEL, PRIMARY",FILTERS,44,2,2,Y,YES,YES,3,True
FF5974,FLEETGUARD,"FILTER, FUEL, PRIMARY",FILTERS,44,2,2,Y,YES,YES,3,True
FF5995,FLEETGUARD,"FILTER, FUEL, PRIMARY",FILTERS,44,2,2,Y,YES,YES,3,True
FF63041NN,FLEETGUARD,"FILTER, FUEL, PRIMARY",FILTERS,44,2,1,Y,YES,YES,3,True
FF63054NN,FLEETGUARD,"FILTER, FUEL, PRIMARY",FILTERS,44,2,1,Y,YES,YES,3,True
FF73100,FLEETGUARD,"FILTER, FUEL, PRIMARY",FILTERS,44,2,1,Y,YES,YES,3,True
FK11011,FLEETGUARD,"FILTER, FUEL, PRIMARY, KIT",FILTERS,44,2,19,Y,YES,YES,4,True
FK11020,FLEETGUARD,"FILTER, FUEL, PRIMARY, KIT",FILTERS,44,2,19,Y,YES,YES,4,True
FK13850NN,FLEETGUARD,"FILTER, FUEL, PRIMARY, KIT",FILTERS,44,2,19,Y,YES,YES,4,True
FK22004,FLEETGUARD,"FILTER, FUEL, PRIMARY, KIT",FILTERS,44,2,19,Y,YES,YES,4,True
FK22005,FLEETGUARD,"FILTER, FUEL, PRIMARY, KIT",FILTERS,44,2,19,Y,YES,YES,4,True
FK267,POWER TORQUE,"FILTER, OIL, TRANSMISSION",FILTERS,27,36,4,Y,YES,YES,3,True
FK48002,FLEETGUARD,"FILTER, FUEL, PRIMARY, KIT",FILTERS,44,2,19,Y,YES,YES,4,True
FK48004,FLEETGUARD,"FILTER, FUEL, PRIMARY, KIT",FILTERS,44,2,19,Y,YES,YES,4,True
FK48555,FLEETGUARD,"FILTER, FUEL, PRIMARY, KIT",FILTERS,44,2,19,Y,YES,YES,4,True
FK48556,FLEETGUARD,"FILTER, FUEL, PRIMARY, KIT",FILTERS,44,2,19,Y,YES,YES,4,True
FL2016,MOTORCRAFT CORP.,"FILTER, OIL, ENGINE",FILTERS,45,11,1,Y,YES,YES,3,True
FL2124S,MOTORCRAFT CORP.,"FILTER, OIL, ENGINE",FILTERS,45,11,1,Y,YES,YES,3,True
FL3Z-19N619-A,FORD MOTOR CO,"FILTER, AIR, CABIN",FILTERS,1,1,219,Y,YES,YES,3,True
FL500S,MOTORCRAFT CORP.,"FILTER, OIL, ENGINE",FILTERS,45,11,1,Y,YES,YES,3,True
FL-820-S,MOTORCRAFT CORP.,"FILTER, OIL, ENGINE",FILTERS,45,11,1,Y,YES,YES,3,True
FLTAC9801152,FLEETRITE,"FILTER, AIR, CABIN",FILTERS,1,1,219,Y,YES,YES,3,True
FP-70,FORD MOTOR CO,"FILTER, AIR, CABIN",FILTERS,1,1,219,Y,YES,YES,3,True
FP-74,MOTORCRAFT CORP.,"FILTER, AIR, CABIN",FILTERS,1,1,219,Y,YES,YES,3,True
FP92,MOTORCRAFT CORP.,"FILTER, AIR, CABIN",FILTERS,1,1,219,Y,YES,YES,3,True
FS1000,FLEETGUARD,"FILTER, FUEL/WATER SEPARATOR",FILTERS,44,2,87,Y,YES,YES,3,True
FS1003,FLEETGUARD,"FILTER, FUEL/WATER SEPARATOR",FILTERS,44,2,87,Y,YES,YES,3,True
FS1029W,FLEETGUARD,"FILTER, FUEL/WATER SEPARATOR",FILTERS,44,2,2,Y,YES,YES,3,True
FS1065,FLEETGUARD,"FILTER, FUEL/WATER SEPARATOR",FILTERS,44,2,87,Y,YES,YES,3,True
FS1067,FLEETGUARD,"FILTER, FUEL/WATER SEPARATOR",FILTERS,44,2,87,Y,YES,YES,3,True
FS1098,FLEETGUARD,"FILTER, FUEL/WATER SEPARATOR",FILTERS,44,2,87,Y,YES,YES,3,True
FS1212,FLEETGUARD,"FILTER, FUEL/WATER SEPARATOR",FILTERS,44,2,87,Y,YES,YES,3,True
FS1251,FLEETGUARD,"FILTER, FUEL/WATER SEPARATOR",FILTERS,44,2,87,Y,YES,YES,3,True
FS1269,FLEETGUARD,"HOUSING, FUEL/WATER SEPARATOR",FILTERS,44,2,92,Y,YES,YES,3,True
FS1280,FLEETGUARD,"FILTER, FUEL/WATER SEPARATOR",FILTERS,44,2,87,Y,YES,YES,3,True
FS1281,FLEETGUARD,"FILTER, FUEL/WATER SEPARATOR",FILTERS,44,2,87,Y,YES,YES,3,True
FS1285,FLEETGUARD,"FILTER, FUEL/WATER SEPARATOR",FILTERS,44,2,4,Y,YES,YES,3,True
FS1287,FLEETGUARD,"FILTER, FUEL/WATER SEPARATOR",FILTERS,44,2,87,Y,YES,YES,3,True
FS1291,FLEETGUARD,"FILTER, FUEL/WATER SEPARATOR",FILTERS,44,2,87,Y,YES,YES,3,True
FS19513,FLEETGUARD,"FILTER, FUEL/WATER SEPARATOR",FILTERS,44,2,87,Y,YES,YES,3,True
FS19532,FLEETGUARD,"FILTER, FUEL/WATER SEPARATOR",FILTERS,44,2,87,Y,YES,YES,3,True
FS19536,FLEETGUARD,"FILTER, FUEL/WATER SEPARATOR",FILTERS,44,2,16,Y,YES,YES,3,True
FS19551,FLEETGUARD,"FILTER, FUEL/WATER SEPARATOR",FILTERS,44,2,87,Y,YES,YES,3,True
FS19560,FLEETGUARD,"FILTER, FUEL/WATER SEPARATOR",FILTERS,44,2,87,Y,YES,YES,3,True
FS19580,FLEETGUARD,"FILTER, FUEL/WATER SEPARATOR",FILTERS,44,2,87,Y,YES,YES,3,True
FS19580A,FLEETGUARD,"FILTER, FUEL/WATER SEPARATOR",FILTERS,44,2,16,Y,YES,YES,3,True
FS19591,FLEETGUARD,"FILTER, FUEL/WATER SEPARATOR",FILTERS,44,2,87,Y,YES,YES,3,True
FS19596,FLEETGUARD,"FILTER, FUEL/WATER SEPARATOR",FILTERS,44,2,87,Y,YES,YES,3,True
FS19598,FLEETGUARD,"FILTER, FUEL/WATER SEPARATOR",FILTERS,44,2,16,Y,YES,YES,3,True
FS19624,FLEETGUARD,"FILTER, FUEL/WATER SEPARATOR",FILTERS,44,2,16,Y,YES,YES,3,True
FS19684E,FLEETGUARD,"FILTER, FUEL/WATER SEPARATOR",FILTERS,44,2,16,Y,YES,YES,3,True
FS19687,FLEETGUARD,"FILTER, FUEL/WATER SEPARATOR",FILTERS,44,2,87,Y,YES,YES,3,True
FS19727,FLEETGUARD,"FILTER, FUEL/WATER SEPARATOR",FILTERS,44,2,16,Y,YES,YES,3,True
FS19729,FLEETGUARD,"FILTER, FUEL/WATER SEPARATOR",FILTERS,44,2,16,Y,YES,YES,3,True
FS19732,FLEETGUARD,"FILTER, FUEL/WATER SEPARATOR",FILTERS,44,2,87,Y,YES,YES,3,True
FS19761,FLEETGUARD,"FILTER, FUEL/WATER SEPARATOR",FILTERS,44,2,16,Y,YES,YES,3,True
FS19763,FLEETGUARD,"FILTER, FUEL/WATER SEPARATOR",FILTERS,44,2,16,Y,YES,YES,3,True
FS19764,FLEETGUARD,"FILTER, FUEL/WATER SEPARATOR",FILTERS,44,2,16,Y,YES,YES,3,True
FS19764G,FLEETGUARD,"FILTER, FUEL/WATER SEPARATOR",FILTERS,44,2,16,Y,YES,YES,3,True
FS19765,FLEETGUARD,"FILTER, FUEL/WATER SEPARATOR",FILTERS,44,2,16,Y,YES,YES,3,True
FS19797,FLEETGUARD,"FILTER, FUEL/WATER SEPARATOR",FILTERS,44,2,16,Y,YES,YES,3,True
FS19798,FLEETGUARD,"FILTER, FUEL/WATER SEPARATOR",FILTERS,44,2,87,Y,YES,YES,3,True
FS19844,FLEETGUARD,"FILTER, FUEL/WATER SEPARATOR",FILTERS,44,2,16,Y,YES,YES,3,True
FS19869,FLEETGUARD,"FILTER, FUEL/WATER SEPARATOR",FILTERS,44,2,16,Y,YES,YES,3,True
FS19905G,FLEETGUARD,"FILTER, FUEL/WATER SEPARATOR",FILTERS,44,2,16,Y,YES,YES,3,True
FS19915,FLEETGUARD,"FILTER, FUEL/WATER SEPARATOR",FILTERS,44,2,16,Y,YES,YES,3,True
FS19942,FLEETGUARD,"FILTER, FUEL/WATER SEPARATOR",FILTERS,44,2,87,Y,YES,YES,3,True
FS19947,FLEETGUARD,"FILTER, FUEL/WATER SEPARATOR",FILTERS,44,2,16,Y,YES,YES,3,True
FS19966,FLEETGUARD,"FILTER, FUEL/WATER SEPARATOR",FILTERS,44,2,87,Y,YES,YES,3,True
FS19974,FLEETGUARD,"FILTER, FUEL/WATER SEPARATOR",FILTERS,44,2,87,Y,YES,YES,3,True
FS20028,FLEETGUARD,"FILTER, FUEL/WATER SEPARATOR",FILTERS,44,2,4,Y,YES,YES,3,True
FS20040,FLEETGUARD,"FILTER, FUEL/WATER SEPARATOR",FILTERS,44,2,87,Y,YES,YES,3,True
FS20081,FLEETGUARD,"FILTER, FUEL/WATER SEPARATOR",FILTERS,44,2,16,Y,YES,YES,3,True
FS20083,FLEETGUARD,"FILTER, FUEL/WATER SEPARATOR",FILTERS,44,2,16,Y,YES,YES,3,True
FS20087,FLEETGUARD,"FILTER, FUEL/WATER SEPARATOR",FILTERS,44,2,16,Y,YES,YES,3,True
FS20089,FLEETGUARD,"FILTER, FUEL/WATER SEPARATOR",FILTERS,44,2,16,Y,YES,YES,3,True
FS20091,FLEETGUARD,"FILTER, FUEL/WATER SEPARATOR",FILTERS,44,2,87,Y,YES,YES,3,True
FS20121,FLEETGUARD,"FILTER, FUEL/WATER SEPARATOR",FILTERS,44,2,87,Y,YES,YES,3,True
FS20128,FLEETGUARD,"FILTER, FUEL/WATER SEPARATOR",FILTERS,44,2,16,Y,YES,YES,3,True
FS20132,FLEETGUARD,"FILTER, FUEL/WATER SEPARATOR",FILTERS,44,2,87,Y,YES,YES,3,True
FS20172,FLEETGUARD,"FILTER, FUEL/WATER SEPARATOR",FILTERS,44,2,16,Y,YES,YES,3,True
FS20176,FLEETGUARD,"FILTER, FUEL/WATER SEPARATOR",FILTERS,44,2,16,Y,YES,YES,3,True
FS20194,FLEETGUARD,"FILTER, FUEL/WATER SEPARATOR",FILTERS,44,2,16,Y,YES,YES,3,True
FS20207,FLEETGUARD,"FILTER, FUEL/WATER SEPARATOR",FILTERS,44,2,16,Y,YES,YES,3,True
FS20208,FLEETGUARD,"FILTER, FUEL/WATER SEPARATOR",FILTERS,44,2,16,Y,YES,YES,3,True
FS20288,FLEETGUARD,"FILTER, FUEL/WATER SEPARATOR",FILTERS,44,2,87,Y,YES,YES,3,True
FS20313,FLEETGUARD,"FILTER, FUEL/WATER SEPARATOR",FILTERS,44,2,16,Y,YES,YES,3,True
FS20385,FLEETGUARD,"FILTER, FUEL/WATER SEPARATOR",FILTERS,44,2,16,Y,YES,YES,3,True
FS36401,FLEETGUARD,"FILTER, FUEL/WATER SEPARATOR",FILTERS,44,2,16,Y,YES,YES,3,True
FS53000,FLEETGUARD,"FILTER, FUEL/WATER SEPARATOR",FILTERS,44,2,16,Y,YES,YES,3,True
HC3Z-9601-A,FORD MOTOR CO,"FILTER, AIR, ENGINE",FILTERS,41,1,5,Y,YES,YES,3,True
HC3Z-9601-B,FORD MOTOR CO,"FILTER, AIR, ENGINE",FILTERS,41,1,5,Y,YES,YES,3,True
HF28943,FLEETGUARD,"FILTER, OIL, TRANSMISSION",FILTERS,27,36,8,Y,YES,YES,3,True
HF35099,FLEETGUARD,"FILTER, OIL, HYDRAULIC",FILTERS,55,10,151,Y,YES,YES,3,True
HF35135,FLEETGUARD,"FILTER, OIL, TRANSMISSION",FILTERS,27,36,8,Y,YES,YES,3,True
HF35296,FLEETGUARD,"FILTER, OIL, TRANSMISSION",FILTERS,27,36,8,Y,YES,YES,3,True
HF35387,FLEETGUARD,"FILTER, OIL, POWER STEERING",FILTERS,15,5,46,Y,YES,YES,4,True
HF35467,FLEETGUARD,"FILTER, OIL, HYDRAULIC",FILTERS,55,10,151,Y,YES,YES,3,True
HF35476,FLEETGUARD,"FILTER, OIL, HYDRAULIC",FILTERS,15,5,46,Y,YES,YES,3,True
HF35488,FLEETGUARD,"FILTER, OIL, HYDRAULIC",FILTERS,15,5,46,Y,YES,YES,3,True
HF6005,FLEETGUARD,"FILTER, OIL, HYDRAULIC",FILTERS,266,2,0,Y,YES,YES,3,True
HF6057,FLEETGUARD,"FILTER, OIL, HYDRAULIC",FILTERS,55,10,151,Y,YES,YES,3,True
HF6136,FLEETGUARD,"FILTER, OIL, HYDRAULIC",FILTERS,55,10,151,Y,YES,YES,3,True
HF6162,FLEETGUARD,"FILTER, OIL, POWER STEERING",FILTERS,15,5,46,Y,YES,YES,4,True
HF6510,FLEETGUARD,"FILTER, OIL, HYDRAULIC",FILTERS,55,10,151,Y,YES,YES,3,True
HF6520,FLEETGUARD,"FILTER, OIL, HYDRAULIC",FILTERS,55,10,221,Y,YES,YES,3,True
HF6552,FLEETGUARD,"FILTER, OIL, HYDRAULIC",FILTERS,61,0,0,Y,YES,YES,3,True
HF6710,FLEETGUARD,"FILTER, OIL, HYDRAULIC",FILTERS,65,6,18,Y,YES,YES,3,True
J08568.0100,KALMAR LMV,"PUMP, FILTER , DEF",FILTERS,43,7,28,Y,YES,YES,4,True
J37-1007,"PACCAR, INC.","FILTER, OIL, POWER STEERING",FILTERS,15,5,,Y,NO,YES,4,True
K266043,"BENDIX CORP, THE","AIR, DRYER, CARTRIDGE",FILTERS,13,10,129,Y,YES,YES,3,True
K37-1004,"PACCAR, INC.","FILTER, FUEL/WATER SEPARATOR",FILTERS,44,2,16,Y,YES,YES,3,True
KL3Z-19N619-AA,FORD MOTOR CO,"FILTER, AIR, CABIN",FILTERS,1,1,219,Y,YES,YES,3,True
KV6Z-9601-A,FORD MOTOR CO,"FILTER, AIR, ENGINE",FILTERS,41,1,5,Y,YES,YES,3,True
LAF1934,LUBER-FINER,"FILTER, AIR, ENGINE",FILTERS,41,1,5,Y,YES,YES,3,True
LC3Z-9601-A,FORD MOTOR CO,"FILTER, AIR, ENGINE",FILTERS,41,1,5,Y,YES,YES,3,True
LC3Z-9601-B,FORD MOTOR CO,"FILTER, AIR, ENGINE",FILTERS,41,1,5,Y,YES,YES,3,True
LC3Z-9N184-A,FORD MOTOR CO,"FILTER, FUEL/WATER SEPERATOR",FILTERS,44,2,19,Y,YES,YES,3,True
LF14000NN,FLEETGUARD,"FILTER, OIL, ENGINE",FILTERS,45,11,1,Y,YES,YES,3,True
LF14001NN,FLEETGUARD,"FILTER, OIL, ENGINE",FILTERS,45,11,1,Y,YES,YES,3,True
LF14002NN,FLEETGUARD,"FILTER, OIL, ENGINE",FILTERS,45,11,1,Y,YES,YES,3,True
LF14009NN,FLEETGUARD,"FILTER, OIL, ENGINE",FILTERS,45,11,1,Y,YES,YES,3,True
LF16002,FLEETGUARD,"FILTER, OIL, ENGINE",FILTERS,45,11,1,Y,YES,YES,3,True
LF16015,FLEETGUARD,"FILTER, OIL, ENGINE",FILTERS,45,11,1,Y,YES,YES,3,True
LF16046,FLEETGUARD,"FILTER, OIL, ENGINE",FILTERS,45,11,5,Y,YES,YES,3,True
LF16102,FLEETGUARD,"FILTER, OIL, ENGINE",FILTERS,45,11,1,Y,YES,YES,3,True
LF16108,FLEETGUARD,"FILTER, OIL, ENGINE",FILTERS,45,11,1,Y,YES,YES,3,True
LF16109,FLEETGUARD,"FILTER, OIL, ENGINE",FILTERS,45,11,1,Y,YES,YES,3,True
LF16110,FLEETGUARD,"FILTER, OIL, ENGINE",FILTERS,45,11,1,Y,YES,YES,3,True
LF16165,FLEETGUARD,"FILTER, OIL, ENGINE",FILTERS,45,11,1,Y,YES,YES,3,True
LF16166,FLEETGUARD,"FILTER, OIL, ENGINE",FILTERS,45,11,5,Y,YES,YES,3,True
LF16173,FLEETGUARD,"FILTER, OIL, ENGINE",FILTERS,45,11,1,Y,YES,YES,3,True
LF16231,FLEETGUARD,"FILTER, OIL, ENGINE",FILTERS,45,11,5,Y,YES,YES,3,True
LF16233,FLEETGUARD,"FILTER, OIL, ENGINE",FILTERS,45,11,5,Y,YES,YES,3,True
LF16242,FLEETGUARD,"FILTER, OIL, ENGINE",FILTERS,45,11,1,Y,YES,YES,3,True
LF16246,FLEETGUARD,"FILTER, OIL, ENGINE",FILTERS,45,11,1,Y,YES,YES,3,True
LF16354,FLEETGUARD,"FILTER, OIL, ENGINE",FILTERS,45,11,1,Y,YES,YES,3,True
LF16368,FLEETGUARD,"FILTER, OIL, ENGINE",FILTERS,45,11,5,Y,YES,YES,3,True
LF16424,FLEETGUARD,"FILTER, OIL, ENGINE",FILTERS,45,11,5,Y,YES,YES,3,True
LF16465,FLEETGUARD,"FILTER, OIL, ENGINE",FILTERS,45,11,1,Y,YES,YES,3,True
LF16511,FLEETGUARD,"FILTER, OIL, ENGINE",FILTERS,45,11,1,Y,YES,YES,3,True
LF17494,FLEETGUARD,"FILTER, OIL, ENGINE",FILTERS,45,11,1,Y,YES,YES,3,True
LF17499,FLEETGUARD,"FILTER, OIL, ENGINE",FILTERS,45,11,1,Y,YES,YES,3,True
LF17502,FLEETGUARD,"FILTER, OIL, ENGINE",FILTERS,45,11,1,Y,YES,YES,3,True
LF17503,FLEETGUARD,"FILTER, OIL, ENGINE",FILTERS,45,11,1,Y,YES,YES,3,True
LF17509,FLEETGUARD,"FILTER, OIL, ENGINE",FILTERS,45,11,1,Y,YES,YES,3,True
LF17511,FLEETGUARD,"FILTER, OIL, ENGINE",FILTERS,45,11,5,Y,YES,YES,3,True
LF17515,FLEETGUARD,"FILTER, OIL, ENGINE",FILTERS,45,11,1,Y,YES,YES,3,True
LF17527,FLEETGUARD,"FILTER, OIL, ENGINE",FILTERS,45,11,1,Y,YES,YES,3,True
LF17531,FLEETGUARD,"FILTER, OIL, ENGINE",FILTERS,45,11,1,Y,YES,YES,3,True
LF17538,FLEETGUARD,"FILTER, OIL, ENGINE",FILTERS,45,11,1,Y,YES,YES,3,True
LF17539,FLEETGUARD,"FILTER, OIL, ENGINE",FILTERS,45,11,1,Y,YES,YES,3,True
LF17549,FLEETGUARD,"FILTER, OIL, ENGINE",FILTERS,45,11,5,Y,YES,YES,3,True
LF17810,FLEETGUARD,"FILTER, OIL, ENGINE",FILTERS,45,11,5,Y,YES,YES,3,True
LF17811,FLEETGUARD,"FILTER, OIL, ENGINE",FILTERS,45,11,5,Y,YES,YES,3,True
LF3311,FLEETGUARD,"FILTER, OIL, ENGINE",FILTERS,45,11,1,Y,YES,YES,3,True
LF3313,FLEETGUARD,"FILTER, OIL, ENGINE",FILTERS,45,11,1,Y,YES,YES,3,True
LF3335,FLEETGUARD,"FILTER, OIL, ENGINE",FILTERS,45,11,1,Y,YES,YES,3,True
LF3339,FLEETGUARD,"FILTER, OIL, ENGINE",FILTERS,45,11,1,Y,YES,YES,3,True
LF3342,FLEETGUARD,"FILTER, OIL, ENGINE",FILTERS,45,11,1,Y,YES,YES,3,True
LF3349,FLEETGUARD,"FILTER, OIL, ENGINE",FILTERS,45,11,1,Y,YES,YES,3,True
LF3379,FLEETGUARD,"FILTER, OIL, ENGINE",FILTERS,45,11,1,Y,YES,YES,3,True
LF3400,FLEETGUARD,"FILTER, OIL, ENGINE",FILTERS,45,11,1,Y,YES,YES,3,True
LF3462,FLEETGUARD,"FILTER, OIL, ENGINE",FILTERS,45,11,1,Y,YES,YES,3,True
LF3536,FLEETGUARD,"FILTER, OIL, ENGINE",FILTERS,45,11,1,Y,YES,YES,3,True
LF3537,FLEETGUARD,"FILTER, OIL, ENGINE",FILTERS,45,11,1,Y,YES,YES,3,True
LF3566,FLEETGUARD,"FILTER, OIL, ENGINE",FILTERS,45,11,1,Y,YES,YES,3,True
LF3614,FLEETGUARD,"FILTER, OIL, ENGINE",FILTERS,45,11,1,Y,YES,YES,3,True
LF3615,FLEETGUARD,"FILTER, OIL, ENGINE",FILTERS,45,11,1,Y,YES,YES,3,True
LF3620,FLEETGUARD,"FILTER, OIL, ENGINE",FILTERS,45,11,1,Y,YES,YES,3,True
LF3630,FLEETGUARD,"FILTER, OIL, ENGINE",FILTERS,45,11,1,Y,YES,YES,3,True
LF3641,FLEETGUARD,"FILTER, OIL, ENGINE",FILTERS,45,11,11,Y,YES,YES,3,True
LF3644,FLEETGUARD,"FILTER, OIL, ENGINE",FILTERS,45,11,1,Y,YES,YES,3,True
LF3649,FLEETGUARD,"FILTER, OIL, ENGINE",FILTERS,45,11,1,Y,YES,YES,3,True
LF3654,FLEETGUARD,"FILTER, OIL, ENGINE",FILTERS,45,11,11,Y,YES,YES,3,True
LF3675,FLEETGUARD,"FILTER, OIL, ENGINE",FILTERS,45,11,1,Y,YES,YES,3,True
LF3681,FLEETGUARD,"FILTER, OIL, ENGINE",FILTERS,45,11,1,Y,YES,YES,3,True
LF3692,FLEETGUARD,"FILTER, OIL, ENGINE",FILTERS,45,11,1,Y,YES,YES,3,True
LF3706,FLEETGUARD,"FILTER, OIL, ENGINE",FILTERS,45,11,1,Y,YES,YES,3,True
LF3818,FLEETGUARD,"FILTER, OIL, ENGINE",FILTERS,45,11,1,Y,YES,YES,3,True
LF3854,FLEETGUARD,"FILTER, OIL, ENGINE",FILTERS,45,11,1,Y,YES,YES,3,True
LF3883,FLEETGUARD,"FILTER, OIL, ENGINE",FILTERS,45,11,1,Y,YES,YES,3,True
LF3914,FLEETGUARD,"FILTER, OIL, ENGINE",FILTERS,45,11,5,Y,YES,YES,3,True
LF3925,FLEETGUARD,"FILTER, OIL, ENGINE",FILTERS,45,11,1,Y,YES,YES,3,True
LF3945,FLEETGUARD,"FILTER, OIL, ENGINE",FILTERS,45,11,1,Y,YES,YES,3,True
LF3970,FLEETGUARD,"FILTER, OIL, ENGINE",FILTERS,45,11,1,Y,YES,YES,3,True
LF3972,FLEETGUARD,"FILTER, OIL, ENGINE",FILTERS,45,11,1,Y,YES,YES,3,True
LF3973,FLEETGUARD,"FILTER, OIL, ENGINE",FILTERS,45,11,1,Y,YES,YES,3,True
LF4008,FLEETGUARD,"FILTER, OIL, ENGINE",FILTERS,45,11,5,Y,YES,YES,3,True
LF637,FLEETGUARD,"FILTER, OIL, ENGINE",FILTERS,45,11,5,Y,YES,YES,3,True
LF667,FLEETGUARD,"FILTER, OIL, ENGINE",FILTERS,45,11,1,Y,YES,YES,3,True
LF691A,FLEETGUARD,"FILTER, OIL, ENGINE",FILTERS,45,11,1,Y,YES,YES,3,True
LF692,FLEETGUARD,"FILTER, OIL, ENGINE",FILTERS,45,11,1,Y,YES,YES,3,True
LF716,FLEETGUARD,"FILTER, OIL, ENGINE",FILTERS,45,11,1,Y,YES,YES,3,True
LF780,FLEETGUARD,"FILTER, OIL, ENGINE",FILTERS,45,11,1,Y,YES,YES,3,True
LF796,FLEETGUARD,"FILTER, OIL, ENGINE",FILTERS,45,11,1,Y,YES,YES,3,True
LF9009,FLEETGUARD,"FILTER, OIL, ENGINE",FILTERS,45,11,1,Y,YES,YES,3,True
LF9025,FLEETGUARD,"FILTER, OIL, ENGINE",FILTERS,45,11,1,Y,YES,YES,3,True
LF9028,FLEETGUARD,"FILTER, OIL, ENGINE",FILTERS,45,11,1,Y,YES,YES,3,True
LF9030,FLEETGUARD,"FILTER, OIL, ENGINE",FILTERS,82,41,6,Y,YES,YES,3,True
LF9070,FLEETGUARD,"FILTER, OIL, ENGINE",FILTERS,45,11,1,Y,YES,YES,3,True
LF9667,FLEETGUARD,"FILTER, OIL, ENGINE",FILTERS,45,11,1,Y,YES,YES,3,True
M1-107A,MOBIL OIL CORP,"FILTER, OIL, ENGINE",FILTERS,45,11,1,Y,YES,YES,3,True
M1-113A,MOBIL OIL CORP,"FILTER, OIL, ENGINE",FILTERS,45,11,1,Y,YES,YES,3,True
M1-204A,MOBIL OIL CORP,"FILTER, OIL, ENGINE",FILTERS,45,11,1,Y,YES,YES,3,True
M1-212A,MOBIL OIL CORP,"FILTER, OIL, ENGINE",FILTERS,45,11,1,Y,YES,YES,3,True
M37-6091,"PACCAR, INC.","FILTER, DEF FLUID",FILTERS,43,7,220,Y,YES,YES,3,True
MGA10095,MICROGARD,"FILTER, AIR, ENGINE",FILTERS,41,1,5,Y,YES,YES,3,True
MGA10316,MICROGARD,"FILTER, AIR, ENGINE",FILTERS,41,1,5,Y,YES,YES,3,True
MGA10718,MICROGARD,"FILTER, AIR, ENGINE",FILTERS,41,1,5,Y,YES,YES,3,True
MGA10906,MICROGARD,"FILTER, AIR, ENGINE",FILTERS,41,1,5,Y,YES,YES,3,True
MGA42487,MICROGARD,"FILTER, AIR, ENGINE",FILTERS,41,1,5,Y,YES,YES,3,True
MGA46213,MICROGARD,"FILTER, AIR, ENGINE",FILTERS,41,1,5,Y,YES,YES,3,True
MGA46573,MICROGARD,"FILTER, AIR, ENGINE",FILTERS,41,1,5,Y,YES,YES,3,True
MGA49022,MICROGARD,"FILTER, AIR, ENGINE",FILTERS,41,1,5,Y,YES,YES,3,True
MGA49429,MICROGARD,"FILTER, AIR, ENGINE",FILTERS,41,1,5,Y,YES,YES,3,True
MGL10010,MICROGARD,"FILTER, OIL, ENGINE",FILTERS,45,11,5,Y,YES,YES,3,True
MGL10412,MICROGARD,"FILTER, OIL, ENGINE",FILTERS,45,11,1,Y,YES,YES,3,True
MGL51334,MICROGARD,"FILTER, OIL, ENGINE",FILTERS,45,11,1,Y,YES,YES,3,True
MGL51372,MICROGARD,"FILTER, OIL, ENGINE",FILTERS,45,11,1,Y,YES,YES,3,True
MGL57060,MICROGARD,"FILTER, OIL, ENGINE",FILTERS,45,11,1,Y,YES,YES,3,True
MGL57202,MICROGARD,"FILTER, OIL, ENGINE",FILTERS,45,11,1,Y,YES,YES,3,True
MGL57502,MICROGARD,"FILTER, OIL, ENGINE",FILTERS,45,11,1,Y,YES,YES,3,True
MGL7515,MICROGARD,"FILTER, OIL, ENGINE",FILTERS,45,11,5,Y,YES,YES,3,True
MH3344840,MINUTEMAN,"FILTER, OIL, ENGINE",FILTERS,61,0,0,Y,YES,YES,3,True
MSA11084,MICROGARD,"FILTER, AIR, ENGINE",FILTERS,41,1,5,Y,YES,YES,3,True
MSA41092,MICROGARD,"FILTER, AIR, ENGINE",FILTERS,41,1,5,Y,YES,YES,3,True
MSA61009,MICROGARD,"FILTER, AIR, ENGINE",FILTERS,41,1,5,Y,YES,YES,3,True
MSA71054,MICROGARD,"FILTER, AIR, ENGINE",FILTERS,41,1,5,Y,YES,YES,3,True
MSA81014,MICROGARD,"FILTER, AIR, ENGINE",FILTERS,41,1,5,Y,YES,YES,3,True
MSA81015,MICROGARD,"FILTER, AIR, ENGINE",FILTERS,41,1,5,Y,YES,YES,3,True
MSA81053,MICROGARD,"FILTER, AIR, ENGINE",FILTERS,41,1,5,Y,YES,YES,3,True
MSL10255,MICROGARD,"FILTER, OIL, ENGINE",FILTERS,45,11,1,Y,YES,YES,3,True
MSL51372,MICROGARD,"FILTER, OIL, ENGINE",FILTERS,45,11,1,Y,YES,YES,3,True
MSL57060,MICROGARD,"FILTER, OIL, ENGINE",FILTERS,45,11,1,Y,YES,YES,3,True
MSL7515,MICROGARD,"FILTER, OIL, ENGINE",FILTERS,45,11,5,Y,YES,YES,3,True
MU2Z-6731-C,FORD MOTOR CO,"FILTER, OIL, ENGINE",FILTERS,45,11,1,Y,YES,YES,3,True
N10G 36000006,ALLIANCE PARTS,"FILTER, AIR, CABIN",FILTERS,1,1,219,Y,YES,YES,3,True
N10G 91559,ALLIANCE PARTS,"FILTER, AIR, CABIN",FILTERS,1,1,219,Y,YES,YES,3,True
NG5900,FLEETGUARD,"FILTER, FUEL, PRIMARY",FILTERS,142,8,0,Y,YES,YES,3,True
NU2Z-6731-DA,FORD MOTOR CO,"FILTER, OIL, ENGINE",FILTERS,45,11,1,Y,YES,YES,3,True
OTR25870,OTR - OVER THE ROAD,"FILTER, AIR, CABIN",FILTERS,1,1,219,Y,YES,YES,3,True
OTROF60018,OTR - OVER THE ROAD,"FILTER, OIL, ENGINE",FILTERS,45,11,1,Y,YES,YES,3,True
P34046,LEYMAN,"FILTER, OIL, HYDRAULIC",FILTERS,55,10,151,Y,YES,YES,3,True
P637454,"DONALDSON CO., INC.","FILTER, AIR, ENGINE",FILTERS,41,1,5,Y,YES,YES,3,True
P640016,"PACCAR, INC.","FILTER, AIR, ENGINE",FILTERS,41,1,5,Y,YES,YES,3,True
P643159,"DONALDSON CO., INC.","FILTER, AIR, ENGINE",FILTERS,41,1,5,Y,YES,YES,3,True
P957050,"DONALDSON CO., INC.","FILTER, AIR, ENGINE",FILTERS,41,1,5,Y,YES,YES,3,True
PA10046,BALDWIN FILTERS,"FILTER, AIR, ENGINE",FILTERS,41,1,5,Y,YES,YES,3,True
PA10103,BALDWIN FILTERS,"FILTER, AIR, CABIN",FILTERS,1,1,219,Y,YES,YES,3,True
PA10427,BALDWIN FILTERS,"FILTER, AIR, ENGINE",FILTERS,41,1,5,Y,YES,YES,3,True
PA30281,BALDWIN FILTERS,"FILTER, AIR, CABIN",FILTERS,1,1,219,Y,YES,YES,3,True
PA4305,BALDWIN FILTERS,"FILTER, AIR, ENGINE",FILTERS,41,1,5,Y,YES,YES,3,True
PC3Z-9N184-A,FORD MOTOR CO,"FILTER, FUEL, PRIMARY",FILTERS,44,2,1,Y,YES,YES,3,True
PF46172KIT,BALDWIN FILTERS,"FILTER, FUEL, PRIMARY",FILTERS,44,2,19,Y,YES,YES,3,True
PF46174KIT,BALDWIN FILTERS,"FILTER, FUEL, PRIMARY, KIT",FILTERS,44,2,19,Y,YES,YES,4,True
PF48,ACDELCO,"FILTER, OIL, ENGINE",FILTERS,45,11,1,Y,YES,YES,3,True
PF64,ACDELCO,"FILTER, OIL, ENGINE",FILTERS,45,11,1,Y,YES,YES,3,True
PFD4626,MICROGARD,"FILTER, FUEL, PRIMARY",FILTERS,44,2,1,Y,YES,YES,3,True
PT9180,BALDWIN FILTERS,"FILTER, OIL, HYDRAULIC",FILTERS,65,6,18,Y,YES,YES,3,True
R19501,"PACCAR, INC.","FILTER, AIR, CABIN",FILTERS,1,1,219,Y,YES,YES,3,True
R61709,DETROIT DIESEL CORP,"FILTER, FUEL/WATER SEPARATOR",FILTERS,44,2,16,Y,YES,YES,3,True
R950068A,ZF WABCO,"CARTRIDGE, AIR DRYER",FILTERS,13,10,129,Y,YES,YES,3,True
RS10005,BALDWIN FILTERS,"FILTER, AIR, ENGINE",FILTERS,41,1,5,Y,YES,YES,3,True
S1560-72051,HINO MOTORS LTD.,"FILTER, OIL, ENGINE",FILTERS,45,11,1,Y,YES,YES,3,True
S9972XL,STP PROD,"FILTER, OIL, ENGINE",FILTERS,45,11,1,Y,YES,YES,3,True
SA10163,STP PROD,"FILTER, AIR, CABIN",FILTERS,1,1,219,Y,YES,YES,3,True
SR2000059,"PACCAR, INC.","FILTER, AIR, CABIN",FILTERS,1,1,219,Y,YES,YES,3,True
SR2000091,"PACCAR, INC.","FILTER, AIR, CABIN",FILTERS,1,1,219,Y,YES,YES,3,True
SR2000092,"PACCAR, INC.","FILTER, AIR, CABIN",FILTERS,1,1,219,Y,YES,YES,3,True
TF15040,FLEETGUARD,"FILTER, OIL, TRANSMISSION",FILTERS,27,36,8,Y,YES,YES,3,True
TF15078,FLEETGUARD,"FILTER, OIL, TRANSMISSION",FILTERS,27,36,10,Y,YES,YES,3,True
TF15088,FLEETGUARD,"FILTER, OIL, TRANSMISSION",FILTERS,27,36,10,Y,YES,YES,3,True
TF15089,FLEETGUARD,"FILTER, OIL, TRANSMISSION",FILTERS,27,36,8,Y,YES,YES,3,True
TF15090,FLEETGUARD,"FILTER, OIL, TRANSMISSION",FILTERS,26,1,16,Y,YES,YES,3,True
TF15093,FLEETGUARD,"FILTER, OIL, TRANSMISSION",FILTERS,27,36,8,Y,YES,YES,3,True
UF101,FLEETGUARD,"FILTER, DEF FLUID",FILTERS,43,7,28,Y,YES,YES,3,True
UF104,FLEETGUARD,"FILTER, DEF FLUID",FILTERS,43,7,28,Y,YES,YES,3,True
UF106,FLEETGUARD,"FILTER, DEF FLUID",FILTERS,43,7,28,Y,YES,YES,3,True
UF113,FLEETGUARD,"FILTER, DEF FLUID",FILTERS,43,7,159,Y,YES,YES,3,True
WA10256,WIX CORP,"FILTER, AIR, ENGINE",FILTERS,41,1,5,Y,YES,YES,3,True
WA10304,WIX CORP,"FILTER, AIR, ENGINE",FILTERS,41,1,5,Y,YES,YES,3,True
WA10337,WIX CORP,"FILTER, AIR, ENGINE",FILTERS,41,1,5,Y,YES,YES,3,True
WA10559,WIX CORP,"FILTER, AIR, ENGINE",FILTERS,41,1,5,Y,YES,YES,3,True
WA10654,WIX CORP,"FILTER, AIR, ENGINE",FILTERS,41,1,5,Y,YES,YES,3,True
WA10680,WIX CORP,"FILTER, AIR, ENGINE",FILTERS,41,1,5,Y,YES,YES,3,True
WA10718,WIX CORP,"FILTER, AIR, ENGINE",FILTERS,41,1,5,Y,YES,YES,3,True
WA10832,WIX CORP,"FILTER, AIR, ENGINE",FILTERS,41,1,5,Y,YES,YES,3,True
WA10905,WIX CORP,"FILTER, AIR, ENGINE",FILTERS,41,1,5,Y,YES,YES,3,True
WA10906,WIX CORP,"FILTER, AIR, ENGINE",FILTERS,41,1,5,Y,YES,YES,3,True
WF2054,FLEETGUARD,"FILTER, COOLANT, ENGINE",FILTERS,42,7,1,Y,YES,YES,3,True
WF2070,FLEETGUARD,"FILTER, COOLANT, ENGINE",FILTERS,42,7,1,Y,YES,YES,3,True
WF2071,FLEETGUARD,"FILTER, COOLANT, ENGINE",FILTERS,42,7,1,Y,YES,YES,3,True
WF2077,FLEETGUARD,"FILTER, COOLANT, ENGINE",FILTERS,42,7,1,Y,YES,YES,3,True
WF2096,FLEETGUARD,"FILTER, COOLANT, ENGINE",FILTERS,42,7,1,Y,YES,YES,3,True
WF2106,FLEETGUARD,"FILTER, COOLANT, ENGINE",FILTERS,42,7,1,Y,YES,YES,3,True
WF2108,FLEETGUARD,"FILTER, COOLANT, ENGINE",FILTERS,42,7,1,Y,YES,YES,3,True
WF2121,FLEETGUARD,"FILTER, COOLANT, ENGINE",FILTERS,42,7,1,Y,YES,YES,3,True
WF2122,FLEETGUARD,"FILTER, COOLANT, ENGINE",FILTERS,42,7,1,Y,YES,YES,3,True
WF2126,FLEETGUARD,"FILTER, COOLANT, ENGINE",FILTERS,42,7,1,Y,YES,YES,3,True
WF2127,FLEETGUARD,"FILTER, COOLANT, ENGINE",FILTERS,42,7,1,Y,YES,YES,3,True
WF2128,FLEETGUARD,"FILTER, COOLANT, ENGINE",FILTERS,42,7,1,Y,YES,YES,3,True
WF2129,FLEETGUARD,"FILTER, COOLANT, ENGINE",FILTERS,42,7,1,Y,YES,YES,3,True
WF2187,FLEETGUARD,"FILTER, COOLANT, ENGINE",FILTERS,42,7,2,Y,YES,YES,3,True
WL10290,WIX CORP,"FILTER, OIL, ENGINE",FILTERS,45,11,1,Y,YES,YES,3,True
WL7515,WIX CORP,"FILTER, OIL, ENGINE",FILTERS,45,11,1,Y,YES,YES,3,True
WP10090,WIX CORP,"FILTER, AIR, CABIN",FILTERS,1,1,219,Y,YES,YES,3,True
WP10129,WIX CORP,"FILTER, AIR, CABIN",FILTERS,1,1,219,Y,YES,YES,3,True
WP10266,WIX CORP,"FILTER, AIR, CABIN",FILTERS,1,1,219,Y,YES,YES,3,True
WP10655,WIX CORP,"FILTER, AIR, CABIN",FILTERS,1,1,219,Y,YES,YES,3,True
X002252,"DONALDSON CO., INC.","GAUGE, RESTRICTION, FILTER",FILTERS,41,1,42,Y,YES,YES,3,True
X002277,"DONALDSON CO., INC.","GAUGE, RESTRICTION, FILTER",FILTERS,41,1,42,Y,YES,YES,3,True
XC10491,ECOGARD,"FILTER, AIR, CABIN",FILTERS,1,1,219,Y,YES,YES,3,True
XC36174,ECOGARD,"FILTER, AIR, CABIN",FILTERS,1,1,219,Y,YES,YES,3,True
ZGG19844,NAVISTAR,"FILTER, A/C, RECEIVER/DRYER",FILTERS,1,1,438,Y,YES,YES,3,True
ZS1059789,GARDNER DENVER,"FILTER, OIL, COMPRESSOR",FILTERS,361,9,0,Y,YES,YES,3,True
ZS1059791,GARDNER DENVER,"FILTER, SEPARATOR, AIR/OIL",FILTERS,361,9,0,Y,YES,YES,3,True
ZS1060578,GARDNER DENVER,"FILTER, AIR, COMPRESSOR",FILTERS,361,9,0,Y,YES,YES,3,True
