code,name,parent_assembly_code,description
293-001-001,"Wiring - Centrifuge, Oil Shaker Box",293-001,
293-001-002,"Element - Heater Pocket, Oil Shaker Box",293-001,
293-001-003,Motor - Oil Shaker Box,293-001,
293-001-004,"Control Board - Motor, Oil Shaker Box",293-001,
293-001-005,"Control Pot - Speed, Oil Shaker Box",293-001,
293-001-006,Thermostat - Oil Shaker Box,293-001,
293-001-007,"Element - Bowl Heater, Oil Shaker Box",293-001,
293-001-008,"Switch - Bowl Heater, Oil Shaker Box",293-001,
293-001-009,"Switch - Heater Pocket, Oil Shaker Box",293-001,
293-001-010,Relay - Oil Shaker Box,293-001,
293-001-011,"Pump - Solvent, Oil Shaker Box",293-001,
294-001-001,Fuel Meter Assembly,294-001,
294-001-002,Computer Board - Fuel Meter,294-001,
294-001-003,Strainer - Fuel Meter,294-001,
294-001-004,Cover w/Display - Fuel Meter,294-001,
294-001-005,Meter - Fuel Meter,294-001,
294-001-006,"Register - Electronic, Fuel Meter",294-001,
294-001-007,"Remote - Base, Fuel Meter",294-001,
294-001-008,"Actuator Kit - Meter, Fuel Meter",294-001,
294-001-009,"Basket - Strainer, Fuel Meter",294-001,
294-001-010,"Cable - Data, Fuel Meter",294-001,
294-001-011,"Cable - Power, Fuel Meter",294-001,
294-001-012,"Valve - E7, Fuel Meter",294-001,
294-001-013,Flange - Fuel Meter,294-001,
294-001-014,Float Assembly - Fuel Meter,294-001,
294-001-015,"Gasket - Body Plate, Fuel Meter",294-001,
294-001-016,"Gear - Face Drive, Fuel Meter",294-001,
294-001-017,"Knob - Register Switch, Fuel Meter",294-001,
294-001-018,"Linkage - Offset Link, Fuel Meter",294-001,
294-001-019,Omniseal - Fuel Meter,294-001,
294-001-020,Packing Gland - Fuel Meter,294-001,
294-001-021,"Plate - Valve, Fuel Meter",294-001,
294-001-022,"Pod Assembly - Fork Drive, Fuel Meter",294-001,
294-001-023,"Probe - Propane Temperature, Fuel Meter",294-001,
294-001-024,"Reed - Air Release, Fuel Meter",294-001,
294-001-025,"Ring - Wear, E7 Valve, Fuel Meter",294-001,
294-001-026,"Shaft - Meter Drive, Fuel Meter",294-001,
294-001-027,"Solenoid - Optic Sensor, Fuel Meter",294-001,
294-001-028,"Solenoid - LPG Valve, Fuel Meter",294-001,
294-001-029,"Tube - Valve, Fuel Meter",294-001,
294-001-030,"Valve - Block Assembly, Fuel Meter",294-001,
294-001-031,"Valve - Refined Fuels, Fuel Meter",294-001,
294-001-032,"Valve - Inlet, Hard Seat, Fuel Meter",294-001,
294-001-033,"Valve - Air Check Assembly, Fuel Meter",294-001,
294-001-034,"Valve - Solenoid, 2-Way, Fuel Meter",294-001,
294-001-035,"Valve - Solenoid, 3-Way, Fuel Meter",294-001,
362-001-001,Scales Carriage Assembly,362-001,
362-001-002,Plate - Rear Mounting,362-001,
362-001-003,Plate - Front Mounting,362-001,
362-001-004,Pin - Centering,362-001,
362-001-006,Mounting Hook,362-001,
362-001-008,Shim - Adjusting,362-001,
362-001-009,Spacer Plate - Rear Carriage,362-001,
362-001-010,Weigh Bar Assembly,362-001,
013-001-015,Front Brake Lining,013-001,
053-999-013,"Fuel, Diesel Engine",053-999,Diesel engine fuel
053-999-014,"Fuel, Gasoline Engine",053-999,Gasoline engine fuel
053-999-015,"Fuel, Propane Engine",053-999,Propane engine fuel
053-999-016,"Oil, Engine",053-999,Engine oil
002-010-019,"Head - Mirror, Heated, Left",002-010,
002-010-088,"Head - Mirror, Convex",002-010,
002-024-030,"Glass, Windshield - Complete Assembly",002-024,"including Frame, Weatherstripping, etc."
002-024-031,"Glass, Standard - Body Side Window",002-024,
002-024-032,"Glass, Storm - Body Side Window",002-024,
002-024-033,"Glass, Top Hinged - Body Side Window",002-024,
002-024-034,"Glass, Side Hinged - Body Side Window",002-024,
002-024-036,"Glass, Service (Entrance) Door",002-024,
002-046-069,"Glazing - Vinyl, Center Post",002-046,
013-010-500,Hose - Three-In-One,013-010,
015-003-068,Grease Fitting - Steering Shaft Universal Joint,015-003,
015-007-023,"Nut - Adjusting, Steering Control Valve",015-007,
017-009-040,Hose - Tire Pressure Monitoring System,017-009,
018-001-007,"Nut - Adjusting, Spindle, Front Steer Wheel",018-001,
018-002-007,"Nut - Adjusting, Bearing, Rear Drive Wheel, Inner",018-002,
018-002-024,"Nut - Adjusting, Bearing, Rear Drive Wheel, Outer",018-002,
018-004-013,"Nut - Adjusting, Bearing, Inner",018-004,
018-004-015,"Nut - Adjusting, Bearing, Outer",018-004,
022-003-045,"Nut - Adjusting, Differential Side Bearing",022-003,
022-003-075,Nut - Adjusting Screw,022-003,
023-001-058,Grease Fitting - Clutch Linkage,023-001,
034-001-026,"Nut - Adjusting, Headlamp",034-001,
034-004-151,"Circuit Board - Load Center, Cab",034-004,
034-006-034,Bracket - Work Lamp,034-006,
041-004-055,Head - Intercooler,041-004,
042-002-198,"Hose - to Motor, Boom, Mower",042-002,
044-001-116,"Clamp - Breather Tube, Fuel Tank",044-001,
053-004-081,Glasses - Safety,053-004,
053-999-026,Grease - Multi-Purpose,053-999,
053-999-028,Grease - Wheel Bearings,053-999,
053-999-034,Grease - Synthetic,053-999,
053-999-176,Grease - Spark Plug Boot,053-999,
053-999-265,Grease - Marine,053-999,
053-999-271,Grease - Spindle,053-999,
055-011-006,Lift Fork Latch Handle,055-011,
082-031-051,"Hose - Throttling Valve to Solenoid Valve, Reefer",082-031,
082-040-005,"Hose - Tube to EGR Cooler, Reefer",082-040,
094-004-004,Hose - Transmission Cooler Inlet,094-004,
168-006-012,"Hose - Unloading, Abrasive Dry Product",168-006,
174-033-068,Grease Distributor Assembly,174-033,
002-004-141,Torsion Bar - Hood,002-004,
002-004-147,"Support - Lower Hood, Rear",002-004,
002-004-148,"Hardware, Mounting - Rear Lower Hood Support",002-004,
002-004-149,"Plate - Stiffener, Rod Bridge",002-004,
002-004-150,Hood Assembly - Complete,002-004,
002-004-151,Rod - Hood Release,002-004,
002-004-152,Cable - Hood Release,002-004,
002-004-153,Pivot - Hood Release,002-004,
002-004-154,"Shim - Clamp, Hood Release Cable",002-004,
002-004-155,Clamp - Hood Release Cable,002-004,
002-004-156,"Support - Prop, Hood",002-004,
002-004-157,Prop Rod - Hood,002-004,
002-004-158,Clip - Prop Rod,002-004,
002-004-159,"Mounting - Prop Rod, Hood",002-004,
002-004-160,Release Assembly - Hood,002-004,
002-004-161,Receptacle - Hood Release Assembly,002-004,
002-004-162,"Hardware, Mounting - Hood Release Assembly",002-004,
002-004-163,Guide - Hood,002-004,
002-004-164,Brace - Hood,002-004,
002-004-166,"Door - Access, Hood",002-004,
002-004-167,"Switch - Tilt, Hood",002-004,
002-004-169,Scoop - Hood,002-004,
002-004-170,"Panel - Filler, Hood to Cab",002-004,
002-004-171,"Panel - Trim, Hood, Lower",002-004,
002-004-172,"Panel - Hood, Front",002-004,
002-004-173,"Bezel - Hood, Top",002-004,
002-004-174,"Bezel - Hood, Bottom",002-004,
002-004-175,Nozzle - Headlamp Washer,002-004,
002-004-176,Retainer - Hood Insulator,002-004,
002-004-177,"Panel - Hood, Lower",002-004,
002-004-178,Extension - Hood Panel,002-004,
002-004-179,Isolator - Hood Support,002-004,
002-004-180,Socket - Hood Pin,002-004,
002-004-181,Reinforcement - Hood Guide/Support,002-004,
002-004-182,Pin - Hood Alignment,002-004,
002-004-183,Handle - Hood Latch,002-004,
002-004-184,Bracket - Hood Restraint,002-004,
002-004-185,Bracket - Hood Latch Striker,002-004,
002-004-186,Spring - Hood Latch,002-004,
002-004-187,Sleeve - Hood Pin,002-004,
002-004-188,"Plate - Splice, Hood Bezel",002-004,
002-004-189,"Cover - Splice Plate, Hood Bezel",002-004,
002-004-190,Damper - Hood,002-004,
002-004-191,"Ball - Stud, Hood Damper",002-004,
002-004-192,"Actuator - Torsion Bar, Hood",002-004,
002-004-193,"Bearing - Roller, Hood Tilt Assist",002-004,
002-004-194,"Cover - Opening, Hood",002-004,
002-004-195,Guard - Hood Latch,002-004,
002-004-196,Extrusion - Hood,002-004,
002-004-197,Link - Hood Hinge,002-004,
002-004-198,"Rod - Sight, Hood",002-004,
002-004-199,Liner - Torsion Bar,002-004,
002-004-200,Panel - Hood Plenum,002-004,
002-004-201,"Latch - Hood, Access Door",002-004,
002-004-202,Tilt Assist Assembly - Hood,002-004,
002-004-203,"Molding - Drip, Hood",002-004,
002-004-204,"Bracket - Filler Panel, Hood to Cab",002-004,
002-004-205,"Screen - Plenum, Hood",002-004,
002-004-206,"Plate - Tapping, Hood Latch",002-004,
002-004-207,Striker - Hood,002-004,
002-004-208,"End - Rub Rail, Hood",002-004,
002-004-209,Adjuster - Hood,002-004,
002-004-210,Cap - Hood,002-004,
002-004-211,"Casting - Hood, Corner",002-004,
002-004-212,Lock - Hood,002-004,
002-004-213,"Block - Stop, Access Door",002-004,
002-004-214,"Bracket - Crossbar, Hood",002-004,
002-004-215,"End - Rod, Hood Pivot",002-004,
002-004-216,"Support - Headlamp, Hood Panel",002-004,
002-004-217,"Spacer - Pivot, Hood",002-004,
002-004-218,"Bracket - Rod End, Hood Pivot",002-004,
002-004-219,Cover - Sound Insulation,002-004,
002-048-002,Cover - Firewall,002-048,
002-048-003,Cover - Firewall Recess,002-048,
002-048-004,"Pad - Lower, Rear",002-048,
002-048-005,"Pad - Corner, Right",002-048,
002-048-006,"Pad - Corner, Left",002-048,
002-048-007,Pad - Roof Headliner,002-048,
002-048-008,"Pad - Door, Left",002-048,
002-048-009,"Pad - Door, Right",002-048,
002-048-010,Carpet - Floor,002-048,
002-048-011,Pan - Seat Base,002-048,
002-048-013,"Mat - Rubber, Driver",002-048,
002-048-014,"Mat - Rubber, Passenger",002-048,
002-048-015,"Hardware, Mounting - Cab Upholstery Trim",002-048,
002-048-016,Sun Visor - Interior,002-048,
002-048-017,"Clip - Sun Visor, Interior",002-048,
002-048-018,"Cover - Sun Visor, Interior",002-048,
002-048-019,Plate - Header Cover,002-048,
002-048-020,Trim - A-Post,002-048,
002-048-021,Trim - Strip,002-048,
002-048-022,Support - Corner Trim Strip,002-048,
002-048-023,"Hardware, Mounting - A-Post Trim",002-048,
002-048-024,Button - Upholstery,002-048,
002-048-026,Cover - Radio Opening,002-048,
002-048-027,Kick Panel,002-048,
002-048-028,"Tray - Storage, Header",002-048,
002-048-029,Cover Assembly - Recess,002-048,
002-048-030,Foam - Firewall,002-048,
002-048-031,Door - Electrical Access,002-048,
002-048-032,"Trim - Rear Window, Cab",002-048,
002-048-033,Trim - Walk Thru,002-048,
002-048-034,Trim - Corner,002-048,
002-048-035,Trim - Threshold Carpet,002-048,
002-048-036,Cover - Sill,002-048,
002-048-037,Armrest - Cab Door,002-048,
002-048-038,Weather Strip - Door Sill,002-048,
002-048-039,Storage Pouch Assembly,002-048,
002-048-040,"Grab Handle - Door, Inner",002-048,
002-048-041,Panel - Radio Speaker,002-048,
002-048-042,Cover - Speaker,002-048,
002-048-044,Cover - Carpet,002-048,
002-048-045,Console Assembly - Overhead,002-048,
002-048-046,Cover - CB Radio,002-048,
002-048-047,Cover - Radio,002-048,
002-048-048,Pad - Side,002-048,
002-048-049,Pad - Closet,002-048,
002-048-050,Bracket - Speaker,002-048,
002-048-051,"Bracket - Speaker, Sleeper",002-048,
002-048-052,Pad - Back,002-048,
002-048-053,Tray Assembly - Sleeper,002-048,
002-048-054,Nameplate - Cab,002-048,
002-048-055,Retainer - Nameplate,002-048,
002-048-056,Trim - Door Sill,002-048,
002-048-057,Mat - Baggage Compartment,002-048,
002-048-058,Insulation - Cab,002-048,
002-048-059,Floor Mat,002-048,
002-048-060,Cover - Engine Tunnel,002-048,
002-048-062,Panel - Side,002-048,
002-048-063,Restraint - Sleeper Curtain,002-048,
002-048-064,Angle - Curtain Restraint,002-048,
002-048-065,Tongue - Curtain Restraint,002-048,
002-048-066,Exhaust - Recess Pad,002-048,
002-048-067,Pouch - Map,002-048,
002-048-068,Trim - Air Vent,002-048,
002-048-069,Trim - Door Post,002-048,
002-048-070,"Support - Sun Visor, Interior",002-048,
002-048-071,"Restraint - Sun Visor, Interior",002-048,
002-048-072,Upholstery Kit,002-048,
002-048-073,"Pad - Side, Lower",002-048,
002-048-074,"Pad, Safety - Front Or Entrance Door",002-048,
002-048-075,"Pad - Side, Upper",002-048,
002-048-076,"Pad - Back, Upper",002-048,
082-044-009,"Starter - Engine, Reefer",082-044,
002-050-427,"Guard - Latch Pin, Sleeper Door",002-050,
002-050-429,Lock Knob,002-050,
002-050-431,Case - Lock Cylinder,002-050,
002-050-432,Shaft - Cylinder,002-050,
002-050-433,Retainer - Lock Cylinder,002-050,
002-050-434,"Retaining Clip - Lock Cylinder, Sleeper",002-050,
002-050-435,"Sealing Tape - Door, Sleeper",002-050,
002-050-436,"Skin - Door, Outer",002-050,
002-050-437,"Liner - Door, Inner",002-050,
002-050-438,Adapter - Vent Box,002-050,
002-050-439,Angle - Hinge,002-050,
002-050-441,Shim - Hinge,002-050,
002-050-443,Shim - Latch,002-050,
002-050-444,Release Assembly - Outer,002-050,
002-050-445,Extension - Latch,002-050,
002-050-446,Rod - Latch,002-050,
002-050-447,Lock Rod,002-050,
002-050-448,Lock Board,002-050,
002-050-450,"Gasket - Vent, Sleeper Exit Door",002-050,
002-050-451,Insulation - Lock,002-050,
002-050-452,"Insulation - Door, Sleeper",002-050,
002-050-453,Gasket - Door Handle,002-050,
002-050-455,Rod - Door Stop,002-050,
002-050-456,Wear Plate - Door Wedge,002-050,
002-050-457,Air Lock Kit - Dash,002-050,
002-050-458,Toggle Valve Assembly,002-050,
002-050-459,"Tubing - Nylon, Dual",002-050,
002-050-460,Nameplate - Sleeper,002-050,
002-050-461,Fitting Assembly - Union,002-050,
002-050-462,Lock Kit - Door Air Space,002-050,
002-050-463,Lock Cylinder Assembly - Sleeper,002-050,
002-050-464,"Rod - Idler, Door Lock, Sleeper",002-050,
002-050-466,"Hardware, Mounting - Cylinder Assembly",002-050,
002-050-468,Board - Rear Bunk,002-050,
002-050-469,Warning Label,002-050,
002-050-470,Catch Plug,002-050,
002-050-471,Emblem/Logo,002-050,
002-050-472,"Hardware, Mounting - Emblem/Logo",002-050,
002-050-473,Corner Pad - Right,002-050,
002-050-474,Fastener - Xmas Tree,002-050,
002-050-475,Fastener - Panel,002-050,
002-050-476,"Pad - Roof, Sleeper, Front",002-050,
002-050-477,"Pad - Bunk, Front",002-050,
002-050-478,"Pad - Closet Wall, Sleeper",002-050,
002-050-479,Cover - Closet Wall,002-050,
002-050-480,"Pad - Closet, Sleeper",002-050,
002-050-481,"Carpet - Sleeper, Front",002-050,
002-050-482,"Carpet - Sleeper, Rear",002-050,
002-050-483,"Pad - Under Bunk, Front",002-050,
002-050-484,Pad - Bunk Side,002-050,
002-050-485,Catch - Bunk Center,002-050,
002-050-486,Floor Pan - Front,002-050,
002-050-487,Base Rail - Front,002-050,
002-050-488,Base Rail - Side,002-050,
002-050-489,"Carpet - Rear Cabinet, Upper Left",002-050,
002-050-490,"Carpet - Rear Cabinet, Middle",002-050,
002-050-491,"Carpet - Rear Cabinet, Lower Left",002-050,
002-050-492,"Carpet - Rear Cabinet, Upper Right",002-050,
002-050-493,"Carpet - Rear Cabinet, Outer Left",002-050,
002-050-494,"Carpet - Rear Cabinet, Outer Right",002-050,
002-050-495,"Carpet - Cabinet, Upper Right",002-050,
002-050-496,"Carpet - Cabinet, Middle Right",002-050,
002-050-497,Carpet - Lower Right Cabinet,002-050,
002-050-498,"Carpet - Cabinet, Upper Left",002-050,
002-050-499,"Carpet - Cabinet, Middle Left",002-050,
002-050-500,"Carpet - Cabinet, Lower Left",002-050,
002-050-501,"Carpet - Shelf, Front",002-050,
002-050-502,Frame - Baggage Door,002-050,
002-050-503,Wiring - Sleeper Accessory Switches,002-050,
002-050-504,"Fasteners, Panel - Sleeper",002-050,
002-050-505,Door Release - Sleeper,002-050,
004-003-006,"Hardware, Mounting - Mounting Bracket, Roof Fairing, Center",004-003,
004-003-007,"Mounting Bracket - Roof Fairing, Right Rear",004-003,
004-003-008,"Mounting Bracket - Roof Fairing, Left Rear",004-003,
004-003-009,"Hardware, Mounting - Mounting Bracket, Roof Fairing, Rear",004-003,
004-003-010,"Mounting Plate - Bracket, Roof Fairing, Front",004-003,
004-003-011,"Mounting Plate - Bracket, Roof Fairing, Center",004-003,
004-003-012,"Mounting Plate - Bracket, Roof Fairing, Rear",004-003,
004-003-013,"Seal - Mounting Bracket, Roof Fairing, Front",004-003,
004-003-014,"Seal - Mounting Bracket, Roof Fairing, Center",004-003,
004-003-015,"Seal - Mounting Bracket, Roof Fairing, Rear",004-003,
004-003-016,Extender - Roof Fairing,004-003,
004-003-017,"Mounting Bracket - Extender, Roof Fairing, Upper Left",004-003,
004-003-018,"Mounting Bracket - Extender, Roof Fairing, Upper Right",004-003,
004-003-019,"Mounting Bracket - Extender, Roof Fairing, Intermediate, Left",004-003,
004-003-020,"Mounting Bracket - Extender, Roof Fairing, Intermediate, Right",004-003,
004-003-021,"Mounting Bracket - Extender, Roof Fairing, Lower Left",004-003,
004-003-022,"Mounting Bracket - Extender, Roof Fairing, Lower Right",004-003,
004-003-023,"Fairing Assembly - Complete, Roof Mounted",004-003,
004-003-024,"Fairing Assembly - Complete, Roof Mounted, Left",004-003,
004-003-025,"Fairing Assembly - Complete, Roof Mounted, Right",004-003,
004-003-026,"Trim Tabs Kit - Extender, Roof Fairing",004-003,
004-003-028,"Trim Tab - Extender, Roof Fairing, Left",004-003,
004-003-029,"Hardware, Mounting - Left Trim Tab, Extender, Roof Fairing",004-003,
004-003-030,"Bracket - Trim Tab, Extender, Roof Fairing",004-003,
004-003-031,"Trim Tab - Extender, Roof Fairing, Right",004-003,
004-003-032,"Clamp - Mounting, Roof Fairing",004-003,
004-003-033,"Guard - Mounting, Roof Fairing",004-003,
004-003-034,"Fairing - Roof Mounted, Lower Section",004-003,
004-003-035,"Brace - Trim Tab, Extender, Roof Fairing",004-003,
004-003-036,"Panel - Roof Fairing, Lower",004-003,
004-003-037,"Panel - Roof Fairing, Upper",004-003,
004-003-038,"Rail - Side, Roof Fairing",004-003,
004-003-039,"Vane - Turning, Door, Roof Fairing",004-003,
004-003-040,"Brace - Roof Fairing, Inner",004-003,
004-003-041,"Brace - Roof Fairing, Outer",004-003,
004-003-042,"Insulator - Bracket, Roof Fairing",004-003,
004-003-043,"Extrusion - Extender, Trim Tab, Roof Fairing",004-003,
004-003-044,"Extender - Trim Tab, Flexible, Roof Fairing",004-003,
004-003-045,"Crossbar - Roof Fairing, Front",004-003,
004-003-046,"Crossbar - Roof Fairing, Rear",004-003,
004-003-047,"Bracket - Roof Fairing, Mid-Side",004-003,
004-003-048,Bracket - Roof Fairing,004-003,
004-003-049,"Panel - Roof Fairing, Side",004-003,
004-004-000,Fairing - Cab Extenders,004-004,
004-004-001,"Fairing - Cab Extender, Left",004-004,
004-004-002,"Fairing - Cab Extender, Right",004-004,
004-004-003,"Mounting Bracket - Fairing, Cab Extender, Upper Left",004-004,
004-004-004,"Mounting Bracket - Fairing, Cab Extender, Upper Right",004-004,
004-004-005,"Mounting Bracket - Fairing, Cab Extender, Left Intermediate",004-004,
004-004-006,"Mounting Bracket - Fairing, Cab Extender, Right Intermediate",004-004,
004-004-007,"Mounting Bracket - Fairing, Cab Extender, Lower Left",004-004,
004-004-008,"Mounting Bracket - Fairing, Cab Extender, Lower Right",004-004,
004-004-009,"Hardware, Mounting - Fairing, Cab Extender",004-004,
004-004-010,"Brace - Fairing, Cab Extender, Lower Left",004-004,
013-001-046,"Washer - Spanner Nut, Front Brake",013-001,
013-001-047,"Housing Assembly - Front Black Plunger, 12",013-001,
013-001-048,"Guide - Plunger, Front Brakes",013-001,
013-001-049,"Seal - Washer, Front Brake",013-001,
016-005-055,Bolt - Torque Rod,016-005,
016-005-056,"Radius Rod End - Adjustable, Right",016-005,
016-005-057,"Radius Rod End - Adjustable, Left",016-005,
016-005-058,Center (Spindle) - Adjustable Radius Rod,016-005,
016-005-059,Nut - Spring Hanger,016-005,
016-005-060,Screw - Spring Hanger,016-005,
016-005-061,"Nut - U-Bolt, Rear Spring",016-005,
016-005-062,Thrust Cup (Shim) - Torque Rod,016-005,
016-005-063,"Plug - Thrust Cup, Torque Rod",016-005,
016-005-064,"Stud - Spring Seat, Tandem",016-005,
016-005-065,Repair Kit - Bushings,016-005,
016-005-066,Bushing Assembly - Equalizer,016-005,
016-005-067,Nut - Equalizer Bushing Bolt,016-005,
016-005-068,Bushing Assembly - Torque Rod,016-005,
016-005-069,Spring Roller Assembly,016-005,
016-005-070,Nut - Spring Retainer,016-005,
016-005-071,"Plate - U-Bolt, Spring, Upper",016-005,
016-005-072,"Plate - U-Bolt, Lower Spring",016-005,
016-005-073,"Pin Assembly - Torque Rod, Frame End",016-005,
016-005-074,"Pin Assembly - Torque Rod, Axle End",016-005,
016-005-075,"Bolt - Shackle, Rear Spring",016-005,
016-005-076,Thrust Washer - U-Bolt Nut,016-005,
016-005-077,"Replacement Kit - Bushing Assembly, Radius Rod",016-005,
016-005-078,Liner - Rear Spring,016-005,
016-005-079,Anchor Kit - Adjustable Spring,016-005,
016-005-080,"Collar - Adjustment, Spring Anchor",016-005,
016-005-081,"Bushing - Bolt, Spring Anchor",016-005,
016-005-082,Bolt - Spring Anchor,016-005,
016-005-083,Lock Nut - Spring Anchor Bolt,016-005,
016-005-084,"Bushing - Rear Spring Eye, Rear Spring",016-005,
016-005-085,"Bolt - Bracket, Equalizing Beam",016-005,
016-005-086,"Tab Lock - Bolt, Equalizer Bushing",016-005,
016-005-087,Installation Kit - Equalizer,016-005,
016-005-088,Washer - Torque Rod End,016-005,
016-005-089,"Bolt - Lock, Equalizer",016-005,
016-005-090,Washer - Equalizer,016-005,
016-005-091,"Wear Plate - Spring Pin, Rear",016-005,
016-005-092,Wear Pad - Equalizer,016-005,
016-005-093,Bracket - Equalizer Wear Pad,016-005,
016-005-094,Lock - Equalizer Wear Bracket,016-005,
016-005-095,Washer - Equalizer Bushing,016-005,
016-005-096,Sleeve - Equalizer Bolt,016-005,
016-005-097,Tube - Equalizer,016-005,
016-005-098,Lock - Radius Rod Bolt,016-005,
016-005-099,Washer - Adjustable Spring,016-005,
016-005-100,Caps - Equalizer Bushing,016-005,
016-005-101,Block - Adjustable Spring,016-005,
016-005-102,End Plug - Equalizer Bushing,016-005,
016-005-103,"Plate - Wear, Equalizer",016-005,
016-005-104,"Plate - Wear, Spring Hanger",016-005,
016-005-105,Seal - Equalizer Pin,016-005,
016-005-106,Bracket Assembly - Equalizer Tube,016-005,
016-005-107,Bracket - Spring Rebound,016-005,
016-005-108,Washer - Equalizer Tube,016-005,
016-005-109,"Nut - Clamp, Equalizer Tube",016-005,
016-005-110,"Hardware, Mounting - Equalizer Tube",016-005,
016-005-111,Washer - Frame Bracket,016-005,
016-005-112,"Hardware, Mounting - Frame Bracket",016-005,
016-005-113,Spacer - Frame Bracket,016-005,
016-005-114,"Saddle - U-Bolt, Upper Of Spacer",016-005,
016-005-115,Retainer - Rear Suspension (Non-Air),016-005,
016-005-116,"Seat - Axle, Non-Air Rear Suspension",016-005,
016-005-117,Clamp - Axle,016-005,
016-005-119,Spacer - Equal Beam Bracket,016-005,
016-005-120,"Hardware, Mounting - Rear Spring, Rear Hanger",016-005,
016-005-121,Spacer - Rear Spring,016-005,
016-005-122,"Hardware, Mounting - Rear Spring Leaf",016-005,
016-005-123,Eye - Spring,016-005,
016-005-124,Shim - Adjust Spring Eye,016-005,
016-005-125,Strap - Spring Eye,016-005,
016-018-010,"Control Valve, Height - Slider Air Ride",016-018,
016-018-011,"Bushing, Pivot - Slider Air Ride Suspension",016-018,
016-020-001,Strut Assembly,016-020,
016-020-002,Seat - Coil Spring,016-020,
016-020-003,"Mounting Plate - Strut, Upper",016-020,
016-020-004,"Bearing - Strut, Upper",016-020,
053-999-030,Fluid - Starting,053-999,
053-999-031,Analysis Kit - Oil,053-999,
053-999-032,"Oil - Synthetic, Engine",053-999,
053-999-033,"Oil - Synthetic, Gear",053-999,
053-999-035,Analysis Kit - Water,053-999,
053-999-036,Silicone,053-999,
053-999-037,Alcohol,053-999,
053-999-038,Flush - Cooling System (Cleaner),053-999,
053-999-039,Oil - Refrigerant Charge,053-999,
053-999-042,Leak Detector - Refrigerant,053-999,
053-999-043,Anti-Seize,053-999,
053-999-044,Sealer - Epoxy,053-999,
053-999-045,Cleaner - Battery,053-999,
053-999-046,Cleaner - Glass,053-999,
053-999-047,Cleaner - Brake Parts,053-999,
053-999-048,Silicone Spray,053-999,
053-999-049,Lubricant - Chain & Cable,053-999,
053-999-050,Lubricant - Door,053-999,
053-999-051,Belt Dressing,053-999,
053-999-052,Anti-Squeal Lubricant - Brake Shoe,053-999,
053-999-053,Cleaner - Carburetor,053-999,
053-999-054,Cleaner - Electrical,053-999,
053-999-055,Lubricant - Water Pump,053-999,
053-999-056,Degreaser - Engine,053-999,
053-999-057,Oil - Penetrating,053-999,
053-999-058,Lubricant - Multi-Purpose,053-999,
053-999-059,"O-Rings - Rubber, General",053-999,
053-999-060,Cleaner - Fuel Injector,053-999,
053-999-061,Aerosol - Pest Control,053-999,
053-999-062,Cleaner - Wheel,053-999,
053-999-063,Cleaner/Protectant - Upholstery,053-999,
053-999-064,Protectant - Battery,053-999,
053-999-065,Oil - Air Tool,053-999,
053-999-066,Cement - Contact,053-999,
053-999-067,Tape - Adhesive,053-999,
053-999-068,Compound - Thread Locking,053-999,
053-999-069,Anti-Squeak,053-999,
053-999-070,Rust Preventive,053-999,
053-999-071,Oil - Corrosion Inhibiting,053-999,
053-999-072,Undercoating,053-999,
053-999-073,Sealer - Air Dry,053-999,
053-999-074,"Sealant - Pipe, Teflon Tape",053-999,
053-999-075,Sealant - Thread,053-999,
053-999-076,Adhesive - Sealant,053-999,
053-999-077,Tape - Butyl,053-999,
053-999-078,Adhesive - Weather Strip,053-999,
053-999-079,Adhesive - Resin,053-999,
053-999-081,Adhesive - Plastic,053-999,
053-999-082,Oil - Air Cleaner,053-999,
053-999-083,Adhesive - Curative,053-999,
053-999-084,Adhesive - Rubber,053-999,
053-999-085,Sealant - Pipe,053-999,
053-999-086,Compound - Anti Galling,053-999,
053-999-087,Oil Absorbent,053-999,
053-999-088,Anti-Rust,053-999,
053-999-089,Adhesive - Spray,053-999,
053-999-090,Adhesive - Primer,053-999,
053-999-091,Tape - Aluminum,053-999,
053-999-092,Caulking - Sealant,053-999,
053-999-094,Tire Patch,053-999,
053-999-095,Cement - Tire Patch,053-999,
053-999-096,Grease - Dielectric,053-999,
053-999-097,Sealant - Gasket,053-999,
053-999-098,Cleaner - Multi-Purpose,053-999,
053-999-099,Remover - Bug and Tar,053-999,
053-999-100,Super Glue,053-999,
053-999-101,Sealant - Exhaust System,053-999,
053-999-102,Adhesive - Mirror,053-999,
053-999-103,Tape - Electrical,053-999,
053-999-104,Oil - Vacuum Pump,053-999,
055-023-009,"Deployment System, Carriage - Manual",055-023,
055-023-010,Handle - Handrail Lock,055-023,
055-023-011,Lifting Frame - Curb Side Platform,055-023,
055-023-012,Roll Stop - Manual Control,055-023,
055-023-013,Roll Stop - Curb Side Platform,055-023,
055-023-014,Curb Side Platform,055-023,
055-023-015,Safety Belt - Curb Side Platform,055-023,
055-023-016,Handrails,055-023,
055-023-017,Bridgeplate,055-023,
055-023-018,Lift Frame - Vehicle Chassis Side,055-023,
055-023-019,Controller - Lift Monitor,055-023,
055-023-020,Interlock - Wheelchair Lift,055-023,
055-023-021,"Chain - Lift, Wheelchair Lift",055-023,
055-023-022,Platform - Wheelchair Lift,055-023,
055-023-023,Guide - Wheelchair Lift Roller,055-023,
055-023-024,"Seal Kit - Cylinder, Wheelchair Lift",055-023,
055-023-025,"Extension - Hold Down, Wheelchair Lift",055-023,
055-023-026,"Face Plate - Control, Wheelchair Lift",055-023,
055-023-027,Pressure Relief Valve - Wheelchair Lift,055-023,
055-023-028,"Spring - Tension, Wheelchair Lift",055-023,
055-023-029,"Spring - Lift Plate, Wheelchair Lift",055-023,
055-023-030,"Shield - Safety, Wheelchair Lift",055-023,
055-023-031,Switch - Wheelchair Lift,055-023,
055-023-032,Cylinder - Wheelchair Lift,055-023,
055-023-033,"Spring - Release, Wheelchair Lift",055-023,
055-023-034,"Cover - Lift Arm, Wheelchair Lift",055-023,
055-023-035,"Switch - Pressure, Wheelchair Lift",055-023,
055-023-036,Control Module - Wheelchair Lift,055-023,
055-023-037,"Cover - Motor, Wheelchair Lift",055-023,
055-023-038,"Spring - Lift, Wheelchair Lift",055-023,
055-023-039,Piston - Wheelchair Lift,055-023,
055-023-040,"Switch - Limit, Wheelchair Lift",055-023,
055-023-041,Pipe - Wheelchair Lift,055-023,
055-023-042,Roller - Wheelchair Lift,055-023,
055-023-043,Wiring Harness - Wheelchair Lift,055-023,
055-023-044,Motor - Wheelchair Lift,055-023,
055-023-045,"Pin - Safety Lock, Wheelchair Lift",055-023,
055-023-046,Arm - Wheelchair Lift,055-023,
055-023-047,Actuator - Wheelchair Lift,055-023,
055-023-048,"Adapter - Cylinder, Wheelchair Lift",055-023,
055-023-049,"Diode - Controls, Wheelchair Lift",055-023,
055-023-050,"Pump - Manual, Wheelchair Lift",055-023,
055-023-051,Bearing - Wheelchair Lift,055-023,
055-023-052,Stow Block - Wheelchair Lift,055-023,
055-023-053,"Circuit Board - Controls, Wheelchair Lift",055-023,
055-023-054,Bracket - Wheelchair Lift,055-023,
055-023-055,"Bracket - Latch, Wheelchair Lift",055-023,
055-023-056,"Bracket - Bridgeplate, Wheelchair Lift",055-023,
055-023-057,Plumbing Kit - Wheelchair Lift,055-023,
055-023-058,Bumper - Wheelchair Lift,055-023,
055-023-059,Bushing - Wheelchair Lift,055-023,
055-023-060,Cam - Wheelchair Lift,055-023,
055-023-061,"Guard - Chain, Wheelchair Lift",055-023,
055-023-062,"Clip - Control Mounting, Wheelchair Lift",055-023,
055-023-063,"Pump - Main, Wheelchair Lift",055-023,
055-023-064,Channel - Wheelchair Lift,055-023,
055-023-065,Lift Assembly - Wheelchair Lift,055-023,
055-023-066,Gear - Wheelchair Lift,055-023,
055-023-067,"Guard - Sensor, Wheelchair Lift",055-023,
055-023-068,"Bracket - Handrail, Wheelchair Lift",055-023,
055-023-069,Installation Kit - Wheelchair Lift,055-023,
055-023-070,Sensor - Wheelchair Lift,055-023,
055-023-071,"Service Kit - Pump, Wheelchair Lift",055-023,
055-023-072,Padding - Wheelchair Lift,055-023,
055-023-073,Spool Valve - Wheelchair Lift,055-023,
055-023-074,Latch - Wheelchair Lift,055-023,
055-023-075,Lever - Wheelchair Lift,055-023,
055-023-076,Linkage - Wheelchair Lift,055-023,
055-023-077,"Support - Linkage, Wheelchair Lift",055-023,
055-023-078,Barrier - Wheelchair Lift,055-023,
055-023-079,"Pin - Linkage, Wheelchair Lift",055-023,
055-023-080,"Pivot - Barrier, Wheelchair Lift",055-023,
059-001-071,Washer - Jaw Pin,059-001,
059-001-072,Fifth Wheel Assembly - Lower Elevating,059-001,
071-015-003,Screws - Front Wall,071-015,
071-015-004,Screw - Rear Wall,071-015,
071-015-005,Screws - Door,071-015,
071-015-006,Screws - Trailer Floor,071-015,
071-016-000,Rivets - All,071-016,
071-016-001,Rivets - Roof,071-016,
071-016-002,Rivets - Side Wall,071-016,
071-016-003,Rivets - Front Wall,071-016,
071-016-004,Rivet - Rear Wall,071-016,
071-016-005,Rivets - Door,071-016,
071-016-006,Rivet - Multiple Locations,071-016,
071-017-000,"Tappet - Nylon, All",071-017,
071-017-001,"Tappet - Nylon, Roof",071-017,
071-017-002,"Tappet - Nylon, Side Wall",071-017,
071-017-003,"Tappet - Nylon, Front Wall",071-017,
071-017-004,"Tappet - Nylon, Rear Wall",071-017,
071-017-005,"Tappet - Nylon, Door",071-017,
071-017-006,Tappet - Multiple Locations,071-017,
071-019-000,Insulation - Body,071-019,
071-019-001,Foam In Place - All,071-019,
071-019-002,Foam In Place - Roof,071-019,
071-019-003,Foam In Place - Side Wall,071-019,
071-019-004,Foam In Place - Front Wall,071-019,
071-019-005,Foam In Place - Rear Wall,071-019,
071-019-006,Foam In Place - Door,071-019,
071-019-007,Foam In Place - Floor,071-019,
071-019-008,Foam Block - All,071-019,
071-019-009,Foam Block - Roof,071-019,
071-019-010,Foam Block - Side Wall,071-019,
071-019-011,Foam Block - Front Wall,071-019,
071-019-012,Foam Block - Rear Wall,071-019,
071-019-013,Foam Block - Door,071-019,
071-019-014,Foam Block - Floor,071-019,
071-019-015,Fiberglass - All,071-019,
071-019-016,Fiberglass - Roof,071-019,
071-019-017,Fiberglass - Side Wall,071-019,
071-019-018,Fiberglass - Front Wall,071-019,
071-019-019,Fiberglass - Rear Wall,071-019,
071-019-020,Fiberglass - Door,071-019,
071-019-021,Fiberglass - Floor,071-019,
071-019-022,Polystyrene Spacers - All,071-019,
071-019-023,Polystyrene Spacers - Roof,071-019,
071-019-024,Polystyrene Spacers - Side Wall,071-019,
071-019-025,"Spacers - Polystyrene, Front Wall",071-019,
071-019-026,"Spacers - Polystyrene, Rear Wall",071-019,
071-019-027,"Spacers - Polystyrene, Door",071-019,
071-019-028,"Spacers - Polystyrene, Floor",071-019,
071-019-029,Battens - All,071-019,
071-019-030,Batten - Roof,071-019,
071-019-031,Batten - Side Wall,071-019,
071-019-032,Batten - Rear Wall,071-019,
071-019-033,Batten - Front Wall,071-019,
071-019-034,Batten - Door,071-019,
071-019-035,Batten - Floor,071-019,
071-020-000,Flooring Assembly - Removable,071-020,
071-020-001,Panel - Flooring Section,071-020,
071-020-002,"Channel - End Retaining, Flooring Section",071-020,
071-020-003,Panel - Vertical,071-020,
071-020-004,Trolley Assembly - Right,071-020,
071-020-005,Trolley Assembly - Left,071-020,
071-020-006,Latch - Trolley Assembly,071-020,
071-020-007,"Rope - Latch, Trolley Assembly",071-020,
071-020-008,Bearing Assembly - Trolley,071-020,
071-020-009,Spring Box - Right,071-020,
071-020-010,Spring Box - Left,071-020,
071-020-011,Spring - Counter Balance,071-020,
071-020-012,Bumper - Dampening,071-020,
071-020-013,"Bracket - End Channel, Load Retaining",071-020,
071-020-014,Latch - Hold-Down,071-020,
071-020-015,Load Stops - Adjustable,071-020,
071-020-016,Track - Guide,071-020,
094-001-034,"Adapter - Downstream End, Crossover Tube",094-001,
094-001-035,"Cap - Protector, Crossover Tube",094-001,
094-001-036,"Hardware, Mounting- Right Crossover Tube Assembly with Fittings",094-001,
094-001-037,"Coupling - Flange, Crossover",094-001,
094-001-038,"Gasket - Flange Coupling, Crossover",094-001,
094-001-039,"Hardware, Mounting - Crossover Flange Coupling",094-001,
094-001-040,"Coupling - Flexible Hose Joint, Crossover",094-001,
094-001-041,"Hardware, Mounting - Crossover Flexible Hose Joint Coupling",094-001,
094-002-000,Line - Product Loading,094-002,
094-002-001,Hose Assembly W/Fittings - Loading,094-002,
094-002-002,"Adapter - Upstream End, Hose, Loading",094-002,
094-002-003,"Coupler - Upstream End, Hose, Loading",094-002,
094-002-004,"Hose - Loading, Abrasive Dry Product",094-002,
094-002-005,"Hose - Loading, Nonabrasive Dry Product",094-002,
094-002-006,"Hose - Loading, Sanitary Dry Product",094-002,
094-002-007,"Hose - Loading, Petroleum Liquid Product",094-002,
094-002-008,"Hose - Loading, Chemical Liquid Product",094-002,
094-002-009,"Hose - Loading, Corrosive Chemical Liquid Product",094-002,
094-002-010,"Hose - Loading, Sanitary Liquid Product",094-002,
094-002-011,"Hose - Loading, Flammable Gas Product",094-002,
094-002-012,"Hose - Loading, Nonflammable Gas Product",094-002,
094-002-013,"Hose - Loading, Cryogenic Product",094-002,
094-002-014,"Coupler - Downstream End, Loading Hose",094-002,
094-002-015,"Adapter - Downstream End, Loading Hose",094-002,
094-002-016,"Cap - Protector, Loading Hose",094-002,
094-002-017,"Hardware, Mounting - Loading Hose Assembly with Fittings",094-002,
094-002-018,Tube Assembly W/Fittings - Loading,094-002,
094-002-019,"Adapter - Upstream End, Loading Tube",094-002,
094-002-020,"Coupler - Upstream End, Loading Tube",094-002,
094-002-021,"Tube - Loading, Abrasive Dry Product",094-002,
094-002-022,"Tube - Loading, Nonabrasive Dry Product",094-002,
094-002-023,"Tube - Loading, Sanitary Dry Product",094-002,
094-002-024,"Tube - Loading, Petroleum Liquid Product",094-002,
094-002-025,"Tube - Loading, Chemical Liquid Product",094-002,
094-002-026,"Tube - Loading, Corrosive Chemical Liquid Product",094-002,
094-002-027,"Tube - Loading, Sanitary Liquid Product",094-002,
094-002-028,"Tube - Loading, Flammable Gas Product",094-002,
094-002-029,"Tube - Loading, Nonflammable Gas Product",094-002,
094-002-030,"Tube - Loading, Cryogenic Product",094-002,
094-002-031,"Coupler - Downstream End, Loading Tube",094-002,
094-002-032,"Adapter - Downstream End, Loading Tube",094-002,
094-002-033,"Cap - Protector, Loading Tube",094-002,
094-002-034,"Hardware, Mounting- Loading Tube Assembly with Fittings",094-002,
094-002-035,Coupling - Loading Flange,094-002,
094-002-036,"Gasket - Flange Coupling, Loading",094-002,
094-002-037,"Hardware, Mounting - Loading Flange Coupling",094-002,
094-002-038,"Coupling - Flexible Joint, Loading Hose",094-002,
094-002-039,"Hardware, Mounting - Loading Hose Flexible Joint Coupling",094-002,
094-002-040,Dust Filter Bag Assembly - Hatch Loading,094-002,
094-004-000,"Line - Unloading, Product",094-004,
094-004-001,Hose Assembly W/Fittings - Unloading,094-004,
094-004-002,"Adapter - Upstream End, Unloading Hose",094-004,
094-004-003,"Coupler - Upstream End, Unloading Hose",094-004,
094-004-005,"Hose - Unloading, Nonabrasive Dry Product",094-004,
094-004-006,"Hose - Unloading, Sanitary Dry Product",094-004,
094-004-007,"Hose - Unloading, Petroleum Liquid Product",094-004,
094-004-008,"Hose - Unloading, Chemical Liquid Product",094-004,
094-004-009,"Hose - Unloading, Corrosive Chemical Liquid Product",094-004,
094-004-010,"Hose - Unloading, Sanitary Liquid Product",094-004,
094-004-011,"Hose - Unloading, Flammable Gas Product",094-004,
094-004-012,"Hose - Unloading, Nonflammable Gas Product",094-004,
094-004-013,"Hose - Unloading, Cryogenic Product",094-004,
094-004-014,"Coupler - Downstream End, Unloading Hose",094-004,
094-004-015,"Adapter - Downstream End, Unloading Hose",094-004,
094-004-016,"Cap - Protector, Unloading Hose",094-004,
094-004-017,"Hardware, Mounting - Unloading Hose Assembly with Fittings",094-004,
094-004-018,"Coupling - Flange, Unloading",094-004,
094-004-019,"Gasket - Flange Coupling, Unloading",094-004,
094-004-020,"Hardware, Mounting - Unloading Flange Coupling",094-004,
094-004-021,"Coupling - Flexible Hose Joint, Unloading",094-004,
094-004-022,"Hardware, Mounting - Unloading Flexible Hose Joint Coupling",094-004,
094-004-023,Nipple - Grooved,094-004,
094-004-024,Line - Air Eliminator,094-004,
094-004-025,"Coupling - Flexible W/Gasket, Grooved Pipe",094-004,
094-004-026,Gasket - Flexible Coupling,094-004,
094-004-027,Clamp,094-004,
094-004-028,Gasket - Cap,094-004,
094-005-000,"Line - Pump-Off, Discharge, Vehicle-To-Vehicle",094-005,
094-005-001,Tube Assembly W/Fittings - Pump-Off,094-005,
094-005-002,"Adapter - Pump-Off Tube, Upstream End",094-005,
094-005-003,"Coupler - Pump-Off Tube, Upstream End",094-005,
094-005-004,"Tube - Pump-Off, Abrasive Dry Product",094-005,
094-005-005,"Tube - Pump-Off, Nonabrasive Dry Product",094-005,
094-005-006,"Tube - Pump-Off, Sanitary Dry Product",094-005,
094-005-007,"Tube - Pump-Off, Petroleum Liquid Product",094-005,
094-005-008,"Tube - Pump-Off, Chemical Liquid Product",094-005,
094-005-009,"Tube - Pump-Off, Corrosive Chemical Liquid Product",094-005,
094-005-010,"Tube - Pump-Off, Sanitary Liquid Product",094-005,
094-005-011,"Coupler - Pump-Off Tube, Downstream End",094-005,
094-005-012,"Adapter - Pump-Off Tube, Downstream End",094-005,
094-005-013,"Cap - Protector, Pump-Off Tube",094-005,
094-005-014,"Hardware, Mounting- Pump Off Tube Assembly with Fittings",094-005,
094-005-015,Hose Assembly W/Fittings - Pump-Off,094-005,
094-005-016,"Adapter - Pump-Off Hose, Upstream End",094-005,
094-005-017,"Coupler - Pump-Off Hose, Upstream End",094-005,
094-005-018,"Hose - Pump-Off, Abrasive Dry Product",094-005,
094-005-019,"Hose - Pump-Off, Nonabrasive Dry Product",094-005,
094-005-020,"Hose - Pump-Off, Sanitary Dry Product",094-005,
094-005-021,"Hose - Pump Off, Petroleum Liquid Product",094-005,
094-005-022,"Hose - Pump-Off, Chemical Liquid Product",094-005,
094-005-023,"Hose - Pump-Off, Corrosive Chemical Liquid Product",094-005,
094-005-024,"Hose - Pump-Off, Sanitary Liquid Product",094-005,
094-005-025,"Coupler - Pump-Off Hose, Downstream End",094-005,
094-005-026,"Adapter - Pump-Off Hose, Downstream End",094-005,
094-005-027,"Cap - Protector, Pump-Off Hose",094-005,
094-005-028,"Hardware, Mounting - Pump Off Tube Assembly with Fittings",094-005,
094-005-029,"Coupling - Flange, Pump-Off",094-005,
094-005-030,"Gasket - Flange Coupling, Pump-Off",094-005,
094-005-031,"Hardware, Mounting - Pump Off Flange Coupling",094-005,
094-005-032,"Coupling - Flexible Joint, Pump-Off Hose",094-005,
094-005-033,"Hardware, Mounting - Pump Off Hose Flexible Joint Coupling",094-005,
094-006-000,Reel Assembly - Line W/Hose & Fittings,094-006,
094-006-001,Reel Assembly - Line,094-006,
094-006-002,Mounting Bracket - Reel,094-006,
094-006-003,Motor Assembly - Reel Drive,094-006,
094-006-004,Sprocket - Reel Drive,094-006,
094-006-005,Chain - Reel Drive,094-006,
094-006-006,Control - Electrical Reel Drive,094-006,
094-006-007,Wiring Harness - Electrical Reel Drive,094-006,
094-006-008,Bushing - Reel Bracket,094-006,
094-006-009,"Cap - Bushing, Reel Bracket",094-006,
094-006-010,Shaft - Reel,094-006,
